current_time,temp,humidity,main
2026-03-05 05:40:45,11.76,40,Haze
2026-03-05 06:30:47,11.76,43,Clear
2026-03-05 07:25:35,10.76,46,Clouds
2026-03-05 07:58:01,10.76,46,Haze
2026-03-05 08:34:44,10.76,46,Haze
2026-03-05 09:09:37,7.36,73,Rain
2026-03-05 09:59:58,6.76,76,Rain
2026-03-05 10:39:39,4.76,93,Rain
2026-03-05 11:19:23,4.74,91,Rain
2026-03-05 11:50:21,3.76,93,Rain
2026-03-05 12:27:08,3.74,92,Rain
2026-03-05 13:39:47,-0.24,100,Snow
2026-03-05 14:26:48,0.76,100,Snow
2026-03-05 15:10:38,0.76,100,Snow
2026-03-05 16:00:35,0.76,100,Snow
2026-03-05 18:05:55,0.76,100,Mist
2026-03-05 19:23:36,-0.24,100,Mist
2026-03-05 20:02:29,2.6,74,Clouds
2026-03-05 20:46:00,-0.24,100,Mist
2026-03-05 21:17:59,0.76,100,Mist
2026-03-05 21:51:49,0.76,100,Mist
2026-03-05 22:15:49,0.76,100,Mist
2026-03-05 23:20:35,2,78,Clouds
2026-03-06 00:00:07,1.76,93,Mist
2026-03-06 02:07:03,3.4,65,Clouds
2026-03-06 04:16:11,3.76,75,Clouds
2026-03-06 05:15:10,3.76,70,Mist
2026-03-06 05:59:43,3.5,56,Clouds
2026-03-06 06:49:19,4.26,45,Clouds
2026-03-06 07:28:48,2.76,70,Clouds
2026-03-06 07:57:25,2.76,70,Haze
2026-03-06 08:30:10,2.76,70,Haze
2026-03-06 09:03:15,2.76,70,Haze
2026-03-06 09:51:46,2.76,65,Haze
2026-03-06 10:20:17,0.76,75,Clouds
2026-03-06 10:57:38,0.76,75,Haze
2026-03-06 11:23:19,1.23,45,Clouds
2026-03-06 11:46:59,0.88,43,Clouds
2026-03-06 12:00:31,0.88,43,Clouds
2026-03-06 13:00:08,0.29,41,Clear
2026-03-06 13:56:11,0.16,40,Clear
2026-03-06 14:29:31,0.16,40,Clear
2026-03-06 15:04:21,-0.24,64,Clouds
2026-03-06 15:49:40,-0.5,36,Clear
2026-03-06 16:21:54,-1.24,64,Clear
2026-03-06 17:02:02,-0.93,35,Clear
2026-03-06 17:40:25,-1.24,69,Clear
2026-03-06 18:03:53,-1.24,69,Clear
2026-03-06 18:58:58,-3.24,80,Clear
2026-03-06 19:32:35,-1.4,34,Clear
2026-03-06 19:56:19,-1.4,34,Clear
2026-03-06 20:20:54,-3.24,80,Clear
2026-03-06 20:50:18,-1.48,34,Clear
2026-03-06 21:14:46,-3.24,68,Clear
2026-03-06 21:43:59,-3.24,68,Clear
2026-03-06 21:58:04,-3.24,68,Clear
2026-03-06 22:22:24,-3.24,68,Clear
2026-03-06 22:50:34,-1.36,32,Clear
2026-03-06 23:14:03,-1.24,59,Clear
2026-03-06 23:40:48,-1.36,32,Clear
2026-03-06 23:55:36,-1.24,59,Clear
2026-03-07 00:58:49,0.01,27,Clear
2026-03-07 03:13:04,1.76,35,Clear
2026-03-07 04:40:03,3.76,41,Clear
2026-03-07 05:23:26,4.76,36,Clear
2026-03-07 05:55:33,4.92,16,Clear
2026-03-07 06:23:39,4.76,33,Clear
2026-03-07 07:01:27,4.76,33,Clear
2026-03-07 07:32:16,4.76,33,Clear
2026-03-07 07:50:19,4.33,17,Clear
2026-03-07 07:58:58,4.76,33,Clear
2026-03-07 08:28:12,4.33,17,Clear
2026-03-07 08:53:38,3.68,19,Clear
2026-03-07 09:16:19,3.68,19,Clear
2026-03-07 09:44:07,2.76,35,Clear
2026-03-07 09:56:26,3.2,21,Clear
2026-03-07 10:14:40,3.2,21,Clear
2026-03-07 10:46:33,1.76,41,Clear
2026-03-07 10:55:02,1.76,41,Clear
2026-03-07 11:09:12,-0.24,51,Clear
2026-03-07 11:31:12,1.86,26,Clear
2026-03-07 11:44:15,-0.24,51,Clear
2026-03-07 11:53:07,-0.24,51,Clear
2026-03-07 11:58:46,-0.24,51,Clear
2026-03-07 12:40:09,1.1,30,Clear
2026-03-07 13:24:43,-2.24,64,Clear
2026-03-07 13:51:57,-2.24,64,Clear
2026-03-07 14:01:53,0.28,30,Clear
2026-03-07 14:29:29,0.28,30,Clear
2026-03-07 14:49:30,-0.05,32,Clear
2026-03-07 14:59:35,-0.05,32,Clear
2026-03-07 15:22:26,-2.24,64,Clear
2026-03-07 15:41:17,-2.24,64,Clear
2026-03-07 15:52:51,-0.31,33,Clear
2026-03-07 16:00:14,-2.24,64,Clear
2026-03-07 16:29:11,-3.24,74,Clear
2026-03-07 16:50:14,-3.24,74,Clear
2026-03-07 17:01:04,-0.5,34,Clear
2026-03-07 17:24:41,-0.5,34,Clear
2026-03-07 17:42:14,-4.24,74,Clear
2026-03-07 17:53:46,-4.24,74,Clear
2026-03-07 17:59:37,-0.59,35,Clear
2026-03-07 18:32:54,-4.24,80,Clear
2026-03-07 18:57:52,-4.24,80,Clear
2026-03-07 19:17:53,-0.59,35,Clear
2026-03-07 19:35:42,-4.24,80,Clear
2026-03-07 19:47:02,-4.24,80,Clear
2026-03-07 19:55:05,-4.24,80,Clear
2026-03-07 20:01:08,-4.24,80,Clear
2026-03-07 20:30:11,-0.61,35,Clear
2026-03-07 20:48:46,-0.65,35,Clear
2026-03-07 20:59:04,-5.24,80,Clear
2026-03-07 21:18:54,-5.24,86,Clear
2026-03-07 21:36:40,-5.24,86,Clear
2026-03-07 21:48:49,-5.24,86,Clear
2026-03-07 21:56:11,-5.24,86,Clear
2026-03-07 22:13:09,-0.64,34,Clear
2026-03-07 22:38:56,-6.24,93,Clear
2026-03-07 22:53:54,-6.24,93,Clear
2026-03-07 23:01:14,-6.24,93,Clear
2026-03-07 23:27:07,-2.24,80,Clear
2026-03-07 23:42:24,-2.24,80,Clear
2026-03-07 23:54:21,0.59,29,Clear
2026-03-08 00:00:18,0.59,29,Clear
2026-03-08 02:12:19,3.76,38,Clear
2026-03-08 04:19:40,5.76,31,Clear
2026-03-08 05:15:46,5.76,33,Clear
2026-03-08 05:57:52,5.51,22,Clouds
2026-03-08 06:35:45,5.76,36,Clear
2026-03-08 07:09:17,5.27,22,Clouds
2026-03-08 07:41:18,4.76,36,Clear
2026-03-08 07:55:13,5.06,25,Clouds
2026-03-08 08:16:02,5.76,33,Clear
2026-03-08 08:48:30,5.76,33,Clear
2026-03-08 09:03:15,4.67,29,Clouds
2026-03-08 09:38:17,3.76,48,Clear
2026-03-08 09:55:15,3.61,39,Clouds
2026-03-08 10:12:55,3.61,39,Clouds
2026-03-08 10:43:14,3.02,47,Clouds
2026-03-08 10:57:03,3.02,47,Clouds
2026-03-08 11:14:36,3.02,47,Clouds
2026-03-08 11:34:05,0.76,75,Clear
2026-03-08 11:47:02,0.76,75,Clear
2026-03-08 11:55:42,0.76,75,Clear
2026-03-08 12:22:54,2.99,52,Clouds
2026-03-08 13:12:09,2.88,56,Clear
2026-03-08 13:48:50,-0.24,86,Clear
2026-03-08 14:02:04,2.69,61,Clear
2026-03-08 14:30:54,2.69,61,Clear
2026-03-08 14:50:57,2.42,63,Clear
2026-03-08 15:01:03,2.42,63,Clear
2026-03-08 15:27:43,2.42,63,Clear
2026-03-08 15:44:36,2.14,64,Clear
2026-03-08 15:55:51,2.14,64,Clear
2026-03-08 16:15:02,2.14,64,Clear
2026-03-08 16:45:47,1.76,87,Clear
2026-03-08 17:00:20,1.89,63,Clear
2026-03-08 17:24:24,1.76,93,Clear
2026-03-08 17:43:49,1.76,93,Clear
2026-03-08 17:56:13,1.63,62,Clear
2026-03-08 18:19:58,1.76,87,Clouds
2026-03-08 18:53:36,1.76,87,Clouds
2026-03-08 19:13:04,1.76,87,Clouds
2026-03-08 19:34:14,1.76,87,Clouds
2026-03-08 19:47:03,1.15,60,Clear
2026-03-08 19:55:46,1.76,87,Clouds
2026-03-08 20:13:29,1.76,87,Clouds
2026-03-08 20:41:09,1.04,59,Clouds
2026-03-08 20:56:10,1.76,87,Mist
2026-03-08 21:14:00,1.76,87,Mist
2026-03-08 21:36:07,1.76,87,Clouds
2026-03-08 21:50:01,1.76,87,Mist
2026-03-08 21:58:27,1.76,87,Mist
2026-03-08 22:19:34,1.76,80,Clouds
2026-03-08 22:44:26,1.76,80,Mist
2026-03-08 22:57:36,1.76,80,Mist
2026-03-08 23:17:54,2.76,81,Clouds
2026-03-08 23:40:12,2.76,81,Haze
2026-03-08 23:54:02,2.76,81,Haze
2026-03-09 00:01:10,2.38,53,Clouds
2026-03-09 02:31:14,4.76,51,Clouds
2026-03-09 04:30:13,7.76,39,Haze
2026-03-09 05:39:52,7.71,29,Clouds
2026-03-09 06:39:42,7.76,39,Haze
2026-03-09 07:36:39,7.65,27,Clouds
2026-03-09 08:04:44,7.65,27,Clouds
2026-03-09 08:57:35,6.76,45,Haze
2026-03-09 09:42:12,5.76,49,Haze
2026-03-09 10:28:54,6.47,33,Clouds
2026-03-09 11:08:23,3.76,56,Haze
2026-03-09 11:46:16,2.76,60,Haze
2026-03-09 12:02:24,2.76,60,Haze
2026-03-09 13:19:45,1.76,64,Clear
2026-03-09 14:14:23,1.76,60,Clear
2026-03-09 15:10:39,-1.24,74,Haze
2026-03-09 16:10:36,-1.24,74,Haze
2026-03-09 17:07:13,-1.24,74,Haze
2026-03-09 17:56:08,2.08,44,Clear
2026-03-09 18:37:15,-2.24,86,Haze
2026-03-09 19:25:58,-4.24,93,Clear
2026-03-09 19:55:29,1.44,46,Clear
2026-03-09 20:19:45,-4.24,93,Clear
2026-03-09 20:53:07,1.14,47,Clear
2026-03-09 21:19:16,1.14,47,Clear
2026-03-09 21:48:56,-4.24,100,Mist
2026-03-09 22:02:07,-4.24,100,Mist
2026-03-09 22:35:52,1.45,44,Clouds
2026-03-09 22:58:00,-4.24,93,Mist
2026-03-09 23:22:54,-0.24,93,Clear
2026-03-09 23:46:07,-0.24,93,Mist
2026-03-09 23:57:38,-0.24,93,Mist
2026-03-10 01:23:17,3.8,32,Clouds
2026-03-10 03:34:50,7.76,39,Clear
2026-03-10 04:57:27,8.76,34,Haze
2026-03-10 05:40:49,7.76,34,Haze
2026-03-10 06:28:22,8.76,31,Clear
2026-03-10 07:12:50,6.82,26,Clear
2026-03-10 07:53:47,7.76,39,Haze
2026-03-10 08:24:22,6.37,26,Clear
2026-03-10 09:04:32,6.76,39,Clear
2026-03-10 09:56:06,5.76,42,Clear
2026-03-10 10:28:59,3.76,45,Clear
2026-03-10 11:06:42,3.76,45,Clear
2026-03-10 11:43:47,1.76,48,Clear
2026-03-10 12:00:53,3.96,39,Clear
2026-03-10 13:07:13,1.76,51,Clear
2026-03-10 14:06:27,-0.24,69,Clear
2026-03-10 15:03:08,-2.24,80,Clear
2026-03-10 16:06:59,-3.24,86,Clear
2026-03-10 17:04:50,2.73,44,Clouds
2026-03-10 17:55:13,-2.24,93,Clear
2026-03-10 18:32:00,-1.24,86,Clear
2026-03-10 19:22:24,-1.24,86,Clear
2026-03-10 19:54:36,-1.24,86,Clear
2026-03-10 20:19:11,2.11,49,Clouds
2026-03-10 20:51:11,2.19,48,Clouds
2026-03-10 21:17:14,2.19,48,Clouds
2026-03-10 21:43:06,1.93,48,Clouds
2026-03-10 21:56:21,-1.24,93,Clear
2026-03-10 22:18:25,-0.24,80,Clear
2026-03-10 22:48:20,2.5,45,Clouds
2026-03-10 23:02:51,2.5,45,Clouds
2026-03-10 23:35:16,2.5,45,Clouds
2026-03-10 23:52:56,3.72,38,Clouds
2026-03-11 00:00:26,3.72,38,Clouds
2026-03-11 02:06:40,6.03,27,Clouds
2026-03-11 04:17:06,8.15,22,Clouds
2026-03-11 05:17:28,6.76,45,Clouds
2026-03-11 06:04:09,6.76,45,Clouds
2026-03-11 07:06:50,9.43,25,Clouds
2026-03-11 07:50:32,8.76,53,Clouds
2026-03-11 08:23:45,7.76,61,Clear
2026-03-11 09:03:04,8.38,35,Clouds
2026-03-11 09:54:36,5.76,70,Clear
2026-03-11 10:25:46,4.76,70,Clear
2026-03-11 11:04:30,4.76,70,Clear
2026-03-11 11:41:15,6.22,55,Clouds
2026-03-11 12:00:11,3.76,75,Clear
2026-03-11 13:02:35,5.9,60,Clear
2026-03-11 14:08:36,5.52,65,Clear
2026-03-11 15:01:07,-0.24,100,Clear
2026-03-11 15:52:50,-0.24,100,Clear
2026-03-11 16:36:09,-0.24,100,Mist
2026-03-11 17:30:40,4.69,73,Clear
2026-03-11 18:10:10,4.32,65,Clear
2026-03-11 19:08:08,4.04,65,Clear
2026-03-11 19:47:49,3.75,65,Clear
2026-03-11 20:17:11,-1.24,100,Mist
2026-03-11 20:50:30,-1.24,100,Mist
2026-03-11 21:17:07,-2.24,100,Mist
2026-03-11 21:48:58,-2.24,100,Fog
2026-03-11 22:02:02,3.22,64,Clear
2026-03-11 22:32:35,3.22,64,Clear
2026-03-11 22:51:40,-2.24,100,Fog
2026-03-11 23:01:41,3.77,61,Clear
2026-03-11 23:31:34,3.77,61,Clear
2026-03-11 23:51:08,5.01,54,Clear
2026-03-12 00:01:22,5.01,54,Clear
2026-03-12 02:30:41,7.83,43,Clear
2026-03-12 04:25:36,12.76,38,Clear
2026-03-12 05:32:16,12.76,38,Clear
2026-03-12 06:11:07,11.68,26,Clear
2026-03-12 07:11:32,12.76,28,Clear
2026-03-12 07:53:26,11.97,23,Clouds
2026-03-12 08:26:41,12.76,26,Clear
2026-03-12 09:05:52,10.96,29,Clouds
2026-03-12 09:56:38,11.76,28,Clear
2026-03-12 10:30:35,10.2,30,Clouds
2026-03-12 11:06:32,8.56,40,Clouds
2026-03-12 11:38:59,7.78,43,Clouds
2026-03-12 11:54:57,7.78,43,Clouds
2026-03-12 12:27:35,6.76,53,Clear
2026-03-12 13:40:13,6.76,53,Clear
2026-03-12 14:31:02,5.87,48,Clear
2026-03-12 15:30:21,4.76,60,Clear
2026-03-12 16:34:03,2.76,70,Clear
2026-03-12 17:27:54,2.76,70,Clear
2026-03-12 18:07:33,2.76,70,Clear
2026-03-12 19:07:48,1.76,75,Clear
2026-03-12 19:48:56,-1.24,86,Clear
2026-03-12 20:17:32,0.76,80,Clear
2026-03-12 20:53:41,3.86,54,Clear
2026-03-12 21:19:50,3.86,54,Clear
2026-03-12 21:50:11,3.49,54,Clear
2026-03-12 22:02:15,3.49,54,Clear
2026-03-12 22:33:28,-0.24,93,Clear
2026-03-12 22:55:34,-0.24,93,Clear
2026-03-12 23:16:39,3.82,51,Clear
2026-03-12 23:43:49,4.65,45,Clear
2026-03-12 23:58:23,1.76,87,Clear
2026-03-13 01:46:35,7.09,31,Clear
2026-03-13 03:57:56,9.76,29,Clear
2026-03-13 05:10:53,9.95,22,Clear
2026-03-13 06:02:09,11.76,26,Clear
2026-03-13 07:03:33,11.09,21,Clear
2026-03-13 07:50:46,12.76,24,Clear
2026-03-13 08:23:25,11.1,22,Clear
2026-03-13 09:01:19,11.76,24,Clear
2026-03-13 09:43:26,10.76,37,Clear
2026-03-13 10:06:29,10.13,25,Clouds
2026-03-13 10:52:20,9.48,28,Clouds
2026-03-13 11:20:17,9.48,28,Clouds
2026-03-13 11:47:28,8.81,30,Clouds
2026-03-13 12:02:21,8.81,30,Clouds
2026-03-13 13:13:48,4.76,65,Clear
2026-03-13 14:06:05,3.76,70,Clear
2026-03-13 14:55:54,2.76,81,Clear
2026-03-13 15:32:53,1.76,93,Clear
2026-03-13 16:05:01,7.07,37,Clouds
2026-03-13 16:53:35,1.76,87,Clear
2026-03-13 17:24:16,6.57,39,Clouds
2026-03-13 17:54:37,1.76,87,Clear
2026-03-13 18:23:50,6.42,40,Clouds
2026-03-13 19:04:03,5.96,43,Clouds
2026-03-13 19:39:22,5.96,43,Clouds
2026-03-13 19:58:55,2.76,87,Clear
2026-03-13 20:30:59,5.62,44,Clouds
2026-03-13 21:01:25,2.76,87,Clear
2026-03-13 21:37:41,5.31,46,Clouds
2026-03-13 21:58:58,5.31,46,Clouds
2026-03-13 22:26:03,5.31,46,Clouds
2026-03-13 22:49:50,5.7,45,Clouds
2026-03-13 23:03:48,3.76,75,Clear
2026-03-13 23:36:56,5.76,56,Clear
2026-03-13 23:55:48,6.38,43,Clouds
2026-03-14 01:03:10,7.76,53,Clear
2026-03-14 03:30:34,8.97,34,Clouds
2026-03-14 04:57:36,12.76,33,Clear
2026-03-14 05:40:53,11.76,32,Clear
2026-03-14 06:27:38,11.02,26,Clouds
2026-03-14 07:10:03,10.68,25,Clouds
2026-03-14 07:48:10,8.76,40,Clear
2026-03-14 08:01:40,9.89,27,Clouds
2026-03-14 08:41:45,9.03,33,Clouds
2026-03-14 09:04:03,7.76,39,Clear
2026-03-14 09:43:45,7.76,39,Clear
2026-03-14 09:59:49,7.76,39,Clear
2026-03-14 10:28:28,8.22,41,Clouds
2026-03-14 10:53:18,7.74,49,Clouds
2026-03-14 11:12:14,7.74,49,Clouds
2026-03-14 11:36:05,6.76,53,Clear
2026-03-14 11:51:07,6.76,53,Clear
2026-03-14 11:59:53,6.76,53,Clear
2026-03-14 12:52:16,6.98,62,Clouds
2026-03-14 13:35:44,5.76,65,Clear
2026-03-14 14:02:23,6.69,66,Clouds
2026-03-14 14:35:48,6.69,66,Clouds
2026-03-14 14:57:39,5.76,81,Clouds
2026-03-14 15:22:12,6.36,71,Clouds
2026-03-14 15:46:17,6.15,73,Clouds
2026-03-14 15:59:38,6.15,73,Clouds
2026-03-14 16:30:46,5.76,93,Clouds
2026-03-14 16:57:04,6.02,75,Clouds
2026-03-14 17:20:31,5.76,93,Clouds
2026-03-14 17:46:14,5.76,93,Clouds
2026-03-14 17:59:27,5.76,93,Clouds
2026-03-14 18:37:14,5.76,100,Mist
2026-03-14 19:05:10,5.76,100,Mist
2026-03-14 19:36:00,6.41,71,Clouds
2026-03-14 19:51:07,5.76,100,Mist
2026-03-14 20:00:19,6.26,71,Clouds
2026-03-14 20:29:41,5.76,100,Mist
2026-03-14 20:52:46,5.76,100,Mist
2026-03-14 21:13:54,6.15,72,Clouds
2026-03-14 21:41:36,4.76,100,Mist
2026-03-14 21:56:16,4.76,100,Mist
2026-03-14 22:15:43,6.15,72,Clouds
2026-03-14 22:46:03,5.76,100,Mist
2026-03-14 23:01:19,5.76,100,Mist
2026-03-14 23:32:24,5.76,100,Mist
2026-03-14 23:52:35,5.76,100,Mist
2026-03-15 01:03:48,6.76,87,Mist
2026-03-15 03:53:50,7.76,71,Drizzle
2026-03-15 05:23:23,9.56,54,Clouds
2026-03-15 06:12:56,9.63,48,Clouds
2026-03-15 07:12:45,9.4,49,Clouds
2026-03-15 07:52:02,9.29,50,Clouds
2026-03-15 08:21:14,9.76,53,Clear
2026-03-15 08:56:48,9.76,53,Haze
2026-03-15 09:26:06,8.32,55,Clouds
2026-03-15 09:54:42,8.76,57,Haze
2026-03-15 10:15:40,6.76,70,Clear
2026-03-15 10:49:46,6.76,70,Haze
2026-03-15 11:13:06,4.76,70,Clouds
2026-03-15 11:37:35,4.76,70,Clear
2026-03-15 11:53:21,6.46,55,Clouds
2026-03-15 12:01:18,4.76,70,Clear
2026-03-15 13:01:57,5.91,55,Clear
2026-03-15 13:51:03,2.76,70,Clear
2026-03-15 14:18:02,5.45,56,Clear
2026-03-15 14:50:39,1.76,80,Clear
2026-03-15 15:14:53,-0.24,86,Clouds
2026-03-15 15:44:32,-0.24,86,Mist
2026-03-15 15:59:26,-0.24,86,Mist
2026-03-15 16:31:48,4.82,56,Clouds
2026-03-15 16:57:40,4.53,57,Clouds
2026-03-15 17:21:51,-0.24,100,Clouds
2026-03-15 17:48:21,-0.24,100,Mist
2026-03-15 18:01:13,4.35,58,Clouds
2026-03-15 18:44:47,4.19,61,Clouds
2026-03-15 19:16:37,0.76,86,Clouds
2026-03-15 19:43:10,0.76,86,Mist
2026-03-15 19:56:25,0.76,86,Mist
2026-03-15 20:17:47,4.12,60,Clouds
2026-03-15 20:47:31,4.08,60,Clouds
2026-03-15 21:03:09,4.08,60,Clouds
2026-03-15 21:36:05,-0.24,100,Mist
2026-03-15 21:53:33,-0.24,100,Mist
2026-03-15 22:12:53,3.78,61,Clouds
2026-03-15 22:47:09,4.34,58,Clouds
2026-03-15 23:03:19,-1.24,100,Mist
2026-03-15 23:37:35,1.76,100,Mist
2026-03-15 23:56:14,1.76,100,Mist
2026-03-16 01:19:17,7.76,61,Clouds
2026-03-16 04:12:22,9.88,35,Clouds
2026-03-16 05:56:19,11.76,40,Haze
2026-03-16 07:04:57,11.76,40,Haze
2026-03-16 08:13:09,11.15,26,Clouds
2026-03-16 09:12:25,11.76,37,Haze
2026-03-16 10:14:00,9.63,29,Clouds
2026-03-16 11:55:43,8.24,32,Clouds
2026-03-16 12:42:09,7.88,33,Clear
2026-03-16 14:04:46,3.76,75,Clear
2026-03-16 15:12:14,1.76,80,Clear
2026-03-16 16:16:44,-0.24,93,Clear
2026-03-16 17:17:53,6.15,34,Clear
2026-03-16 18:10:35,5.76,34,Clear
2026-03-16 19:19:04,-0.24,86,Mist
2026-03-16 19:57:02,-0.24,86,Mist
2026-03-16 20:29:32,-1.24,100,Mist
2026-03-16 21:04:28,-1.24,100,Mist
2026-03-16 21:50:29,-2.24,100,Mist
2026-03-16 22:19:27,-2.24,100,Mist
2026-03-16 22:53:05,5.68,33,Clouds
2026-03-16 23:17:21,5.68,33,Clouds
2026-03-16 23:45:12,6.99,30,Clouds
2026-03-16 23:59:19,6.99,30,Clouds
2026-03-17 02:00:12,8.76,53,Haze
2026-03-17 04:20:19,14.65,17,Clear
2026-03-17 05:38:11,13.76,35,Haze
2026-03-17 06:41:41,15.59,16,Clear
2026-03-17 07:39:44,13.76,33,Haze
2026-03-17 08:27:07,13.42,13,Clear
2026-03-17 09:12:39,10.76,32,Clear
2026-03-17 10:07:54,10.76,32,Haze
2026-03-17 11:03:49,11.05,18,Clear
2026-03-17 11:49:11,5.76,42,Haze
2026-03-17 12:35:10,5.76,45,Clear
2026-03-17 14:00:01,9.35,22,Clouds
2026-03-17 14:57:08,3.76,60,Clear
2026-03-17 15:57:48,2.76,75,Clear
2026-03-17 16:59:30,8.95,21,Clouds
2026-03-17 17:57:26,3.76,75,Clear
2026-03-17 18:52:57,4.76,65,Clear
2026-03-17 19:44:42,4.76,65,Clouds
2026-03-17 20:21:22,4.76,70,Rain
2026-03-17 20:59:11,4.76,70,Rain
2026-03-17 21:36:08,5.74,57,Rain
2026-03-17 22:03:42,6.76,57,Rain
2026-03-17 22:44:32,5.76,70,Rain
2026-03-17 23:05:24,5.76,70,Rain
2026-03-17 23:42:09,6.76,76,Rain
2026-03-18 00:00:44,3.84,85,Rain
2026-03-18 02:28:51,4.76,93,Rain
2026-03-18 04:34:10,5.76,100,Rain
2026-03-18 05:47:10,6.52,69,Clouds
2026-03-18 06:43:55,7.1,70,Clouds
2026-03-18 07:39:57,9.76,66,Mist
2026-03-18 08:08:01,9.76,66,Mist
2026-03-18 09:03:37,8.71,59,Clouds
2026-03-18 10:03:18,7.76,66,Haze
2026-03-18 10:59:51,5.76,81,Haze
2026-03-18 11:46:00,6.41,46,Clouds
2026-03-18 12:35:41,5.69,52,Clouds
2026-03-18 14:02:54,3.76,87,Clouds
2026-03-18 15:14:46,5.04,40,Clouds
2026-03-18 16:17:29,2.76,60,Clear
2026-03-18 17:18:40,3.85,36,Clouds
2026-03-18 18:11:18,2.76,56,Clear
2026-03-18 19:17:08,-0.24,64,Clear
2026-03-18 19:53:19,-0.24,64,Clear
2026-03-18 20:22:28,2.98,36,Clouds
2026-03-18 20:59:00,-2.24,80,Clear
2026-03-18 21:32:09,2.76,35,Clouds
2026-03-18 21:59:50,-1.24,69,Clear
2026-03-18 22:32:21,-1.24,74,Clear
2026-03-18 22:58:15,-1.24,74,Clear
2026-03-18 23:27:11,2.76,60,Clear
2026-03-18 23:50:32,2.76,60,Clear
2026-03-19 00:03:19,2.76,60,Clear
2026-03-19 03:14:15,8.83,14,Clear
2026-03-19 05:03:03,9.77,17,Clear
2026-03-19 06:02:37,10.76,28,Clear
2026-03-19 07:07:47,8.57,22,Clouds
2026-03-19 07:53:25,8.05,29,Clouds
2026-03-19 08:26:20,7.76,34,Clear
2026-03-19 09:06:18,7.23,34,Clouds
2026-03-19 09:57:53,6.53,40,Clouds
2026-03-19 10:34:36,5.76,61,Clear
2026-03-19 11:10:04,5.76,61,Clear
2026-03-19 11:48:26,4.76,65,Clear
2026-03-19 12:27:54,4.76,70,Clear
2026-03-19 13:46:11,5.26,51,Clouds
2026-03-19 14:35:28,3.76,75,Clear
2026-03-19 15:27:54,4.95,56,Clouds
2026-03-19 16:14:03,2.76,81,Clear
2026-03-19 17:14:37,4.68,65,Clouds
2026-03-19 19:08:16,-0.24,100,Clear
2026-03-19 19:50:36,-1.24,100,Clouds
2026-03-19 20:21:18,3.57,73,Clear
2026-03-19 20:58:39,-0.24,93,Clear
2026-03-19 21:32:38,-2.24,100,Clouds
2026-03-19 21:56:38,-2.24,100,Clouds
2026-03-19 22:18:51,0.76,100,Clear
2026-03-19 22:49:43,0.76,100,Clouds
2026-03-19 23:15:06,4.15,70,Clear
2026-03-19 23:44:13,3.76,87,Clear
2026-03-19 23:58:54,3.76,87,Clear
2026-03-20 01:54:52,8.66,51,Clear
2026-03-20 04:01:22,10.76,58,Clouds
2026-03-20 05:17:23,12.06,20,Clear
2026-03-20 06:07:48,12.76,44,Clear
2026-03-20 07:10:36,12.76,44,Clear
2026-03-20 07:52:28,12.76,38,Clear
2026-03-20 08:25:09,11.75,25,Clouds
2026-03-20 09:02:22,10.64,27,Clouds
2026-03-20 09:52:23,9.76,46,Clear
2026-03-20 10:23:58,7.76,61,Clear
2026-03-20 11:00:11,7.76,61,Clear
2026-03-20 11:32:19,6.76,61,Clear
2026-03-20 11:55:22,6.76,61,Clear
2026-03-20 12:29:39,3.76,60,Clear
2026-03-20 13:39:14,1.76,80,Clear
2026-03-20 14:26:26,7.16,41,Clear
2026-03-20 15:08:16,1.76,75,Clear
2026-03-20 15:54:22,0.76,86,Clear
2026-03-20 16:26:52,-0.24,93,Clear
2026-03-20 17:06:56,5.89,47,Clear
2026-03-20 17:49:39,-0.24,93,Clear
2026-03-20 18:26:28,-1.24,93,Mist
2026-03-20 19:09:34,-1.24,93,Mist
2026-03-20 19:46:44,-0.24,100,Mist
2026-03-20 20:02:03,-0.24,100,Mist
2026-03-20 20:39:50,-1.24,93,Mist
2026-03-20 21:01:24,4.67,51,Clear
2026-03-20 21:34:55,4.67,51,Clear
2026-03-20 21:55:34,4.55,50,Clear
2026-03-20 22:15:28,-0.24,100,Mist
2026-03-20 22:48:27,-0.24,100,Mist
2026-03-20 23:03:45,-0.24,100,Mist
2026-03-20 23:37:56,4.76,87,Mist
2026-03-20 23:55:22,6.75,38,Clear
2026-03-21 00:57:04,6.76,65,Mist
2026-03-21 03:14:51,12.76,28,Clear
2026-03-21 04:47:07,12.52,13,Clouds
2026-03-21 05:31:19,13.76,18,Clear
2026-03-21 06:02:20,13.76,18,Clear
2026-03-21 06:55:22,12.28,12,Clear
2026-03-21 07:24:45,13.76,28,Clear
2026-03-21 07:49:03,13.76,28,Clear
2026-03-21 08:00:27,11.58,14,Clear
2026-03-21 08:35:55,12.76,28,Clear
2026-03-21 09:00:23,10.56,16,Clear
2026-03-21 09:33:46,10.76,28,Clear
2026-03-21 09:56:00,9.69,18,Clear
2026-03-21 10:16:11,9.69,18,Clear
2026-03-21 10:46:36,6.76,33,Clear
2026-03-21 11:00:26,6.76,33,Clear
2026-03-21 11:25:03,4.76,42,Clear
2026-03-21 11:42:06,8.86,21,Clear
2026-03-21 11:54:17,8.86,21,Clear
2026-03-21 12:00:25,4.76,42,Clear
2026-03-21 12:52:49,8.37,22,Clear
2026-03-21 13:33:27,8.37,22,Clear
2026-03-21 13:59:50,8.01,24,Clear
2026-03-21 14:26:57,3.76,65,Clear
2026-03-21 14:50:32,3.76,65,Clear
2026-03-21 15:02:25,8,24,Clouds
2026-03-21 15:33:15,1.76,69,Clear
2026-03-21 15:50:20,1.76,69,Clear
2026-03-21 16:01:14,1.76,69,Clear
2026-03-21 16:34:58,7.65,25,Clouds
2026-03-21 16:56:46,2.76,70,Clear
2026-03-21 17:18:48,7.41,28,Clouds
2026-03-21 17:44:03,1.76,80,Clear
2026-03-21 17:57:31,1.76,80,Clear
2026-03-21 18:27:19,7.32,28,Clouds
2026-03-21 18:58:59,2.76,75,Clear
2026-03-21 19:22:31,2.76,81,Clear
2026-03-21 19:41:16,7.35,24,Clouds
2026-03-21 19:52:36,2.76,81,Clear
2026-03-21 19:59:38,2.76,81,Clear
2026-03-21 20:26:17,1.76,87,Clear
2026-03-21 20:47:10,1.76,87,Clear
2026-03-21 21:00:43,7.34,24,Clouds
2026-03-21 21:27:55,2.76,87,Clear
2026-03-21 21:45:49,2.76,87,Clear
2026-03-21 21:57:14,2.76,87,Clear
2026-03-21 22:16:40,2.76,87,Clear
2026-03-21 22:44:25,2.76,87,Clear
2026-03-21 22:58:41,2.76,87,Clear
2026-03-21 23:21:12,7.71,23,Clouds
2026-03-21 23:42:56,4.76,70,Clear
2026-03-21 23:56:30,4.76,70,Clear
2026-03-22 01:17:54,11.76,35,Clear
2026-03-22 03:46:36,15.76,21,Clear
2026-03-22 05:11:15,17.76,16,Clear
2026-03-22 06:05:02,17.76,16,Clear
2026-03-22 07:02:26,17.76,17,Clear
2026-03-22 07:41:23,16.76,16,Clear
2026-03-22 08:00:13,16.76,16,Clear
2026-03-22 08:35:53,16.32,14,Clouds
2026-03-22 09:01:35,14.76,25,Clear
2026-03-22 09:38:09,12.57,18,Clouds
2026-03-22 09:57:46,12.57,18,Clouds
2026-03-22 10:21:22,12.52,18,Clouds
2026-03-22 10:49:10,9.76,34,Clear
2026-03-22 11:02:09,9.76,34,Clear
2026-03-22 11:29:28,11.68,18,Clouds
2026-03-22 11:46:07,11.23,20,Clouds
2026-03-22 11:57:10,11.23,20,Clouds
2026-03-22 12:33:15,6.76,45,Clear
2026-03-22 13:27:58,10.77,21,Clouds
2026-03-22 13:58:15,9.99,23,Clouds
2026-03-22 14:23:38,5.76,49,Clear
2026-03-22 14:49:24,5.76,49,Clear
2026-03-22 15:02:30,9.44,24,Clouds
2026-03-22 15:33:28,4.76,52,Clear
2026-03-22 15:50:52,8.9,25,Clouds
2026-03-22 16:00:50,8.9,25,Clouds
2026-03-22 16:34:29,1.76,69,Clear
2026-03-22 16:57:19,1.76,69,Clear
2026-03-22 17:19:28,2.76,75,Clear
2026-03-22 17:44:40,2.76,75,Clear
2026-03-22 17:58:03,8.1,29,Clouds
2026-03-22 18:29:49,8.1,29,Clouds
2026-03-22 19:01:32,1.76,75,Clear
2026-03-22 19:30:38,8.07,33,Clouds
2026-03-22 19:46:55,0.76,69,Clear
2026-03-22 19:57:19,0.76,69,Clear
2026-03-22 20:19:07,7.85,34,Clouds
2026-03-22 20:46:20,0.76,80,Clear
2026-03-22 21:00:48,0.76,80,Clear
2026-03-22 21:29:09,0.76,80,Clear
2026-03-22 21:49:04,7.51,35,Clouds
2026-03-22 21:59:55,0.76,80,Clear
2026-03-22 22:25:52,7.51,35,Clouds
2026-03-22 22:48:36,0.76,80,Clear
2026-03-22 23:02:21,0.76,80,Clear
2026-03-22 23:35:00,5.76,70,Clear
2026-03-22 23:55:15,5.76,70,Clear
2026-03-23 01:04:25,8.76,49,Clear
2026-03-23 03:48:04,15.76,21,Clear
2026-03-23 05:24:28,19.01,20,Clouds
2026-03-23 06:43:36,18.76,20,Clear
2026-03-23 07:47:23,17.76,27,Clear
2026-03-23 08:36:20,16.76,39,Clear
2026-03-23 09:40:54,14.76,41,Clear
2026-03-23 10:34:10,10.76,54,Clear
2026-03-23 11:25:45,7.76,71,Clouds
2026-03-23 11:59:09,7.76,71,Clouds
2026-03-23 13:03:17,12.89,31,Clouds
2026-03-23 14:18:42,5.76,70,Clouds
2026-03-23 15:16:55,3.76,87,Clouds
2026-03-23 16:12:07,3.76,87,Clouds
2026-03-23 17:08:12,3.76,87,Clouds
2026-03-23 17:59:40,10.36,44,Clouds
2026-03-23 18:54:35,10.08,41,Clouds
2026-03-23 19:37:57,10.08,41,Clouds
2026-03-23 20:06:48,2.76,93,Mist
2026-03-23 20:50:34,9.55,47,Clouds
2026-03-23 21:22:10,9.55,47,Clouds
2026-03-23 21:52:05,3.76,93,Mist
2026-03-23 22:17:21,9.36,48,Clouds
2026-03-23 22:53:13,2.76,100,Mist
2026-03-23 23:18:14,10.03,46,Clouds
2026-03-23 23:49:05,8.76,71,Haze
2026-03-24 00:02:19,8.76,71,Haze
2026-03-24 02:42:05,16.07,34,Clouds
2026-03-24 04:32:07,16.76,29,Haze
2026-03-24 05:43:38,17.68,33,Clouds
2026-03-24 06:43:05,15.76,39,Clear
2026-03-24 07:40:16,17.49,35,Clouds
2026-03-24 08:27:47,17.3,33,Clouds
2026-03-24 09:13:14,14.76,55,Clear
2026-03-24 10:08:50,12.76,58,Clear
2026-03-24 11:05:41,11.76,58,Clear
2026-03-24 11:52:09,12.45,38,Clouds
2026-03-24 12:36:36,9.76,71,Clouds
2026-03-24 13:59:53,9.76,76,Clouds
2026-03-24 14:58:15,8.76,76,Clouds
2026-03-24 16:02:32,11.73,39,Clouds
2026-03-24 17:08:24,7.76,87,Clouds
2026-03-24 18:04:45,11.01,39,Clouds
2026-03-24 19:17:07,11.01,32,Clouds
2026-03-24 19:56:49,10.63,32,Clouds
2026-03-24 20:32:58,10.63,32,Clouds
2026-03-24 21:07:26,6.76,93,Mist
2026-03-24 21:49:41,6.76,93,Mist
2026-03-24 22:15:45,6.76,93,Clouds
2026-03-24 22:50:26,6.76,93,Clouds
2026-03-24 23:17:17,10.75,31,Clouds
2026-03-24 23:47:55,8.76,93,Mist
2026-03-25 00:02:09,8.76,93,Mist
2026-03-25 02:45:02,17.38,36,Clouds
2026-03-25 04:34:21,18.99,26,Clouds
2026-03-25 05:45:03,19.74,23,Clear
2026-03-25 06:43:07,16.76,51,Clear
2026-03-25 07:39:36,16.76,48,Clear
2026-03-25 08:26:53,14.76,44,Clear
2026-03-25 09:12:48,14.76,44,Clear
2026-03-25 10:07:53,15.28,37,Clear
2026-03-25 11:02:19,9.76,71,Clear
2026-03-25 11:47:03,8.76,71,Clear
2026-03-25 12:32:45,12.52,39,Clear
2026-03-25 13:56:56,11.19,49,Clear
2026-03-25 14:53:17,6.76,93,Clear
2026-03-25 15:55:02,6.76,100,Clouds
2026-03-25 16:49:57,10.37,56,Clear
2026-03-25 17:44:36,5.76,100,Mist
2026-03-25 18:35:13,3.76,100,Mist
2026-03-25 19:28:07,3.76,100,Mist
2026-03-25 19:59:28,9.43,62,Clear
2026-03-25 20:37:35,2.76,100,Mist
2026-03-25 21:05:43,9.23,62,Clouds
2026-03-25 21:51:00,9.3,61,Clouds
2026-03-25 22:21:09,9.3,61,Clouds
2026-03-25 22:58:15,2.76,100,Mist
2026-03-25 23:30:01,6.76,100,Mist
2026-03-25 23:58:25,6.76,100,Mist
2026-03-26 01:58:57,16.51,33,Clear
2026-03-26 04:31:21,19.52,30,Clear
2026-03-26 05:56:35,16.76,39,Haze
2026-03-26 06:57:49,17.76,36,Haze
2026-03-26 07:58:56,16.76,42,Haze
2026-03-26 08:51:55,17.72,28,Clouds
2026-03-26 09:46:45,15.85,35,Clouds
2026-03-26 10:36:27,8.76,87,Haze
2026-03-26 11:30:43,5.76,100,Clouds
2026-03-26 12:07:13,12.52,46,Clouds
2026-03-26 13:53:24,4.76,100,Mist
2026-03-26 14:54:29,3.76,100,Mist
2026-03-26 15:58:15,3.76,100,Mist
2026-03-26 16:56:20,10.43,59,Clouds
2026-03-26 17:52:29,3.76,100,Mist
2026-03-26 18:44:38,3.76,100,Mist
2026-03-26 19:43:03,2.76,100,Mist
2026-03-26 20:04:57,2.76,100,Mist
2026-03-26 20:47:19,5.76,100,Mist
2026-03-26 21:16:56,5.76,100,Mist
2026-03-26 21:46:53,9.3,59,Clear
2026-03-26 21:59:56,9.3,59,Clear
2026-03-26 22:29:57,5.76,100,Mist
2026-03-26 22:56:32,5.76,100,Mist
2026-03-26 23:22:17,10.07,57,Clear
2026-03-26 23:51:19,6.76,100,Mist
2026-03-27 01:02:27,8.76,93,Mist
2026-03-27 03:52:02,13.76,62,Haze
2026-03-27 05:26:40,20.24,30,Clear
2026-03-27 06:42:58,15.76,48,Haze
2026-03-27 07:44:50,19.22,38,Clear
2026-03-27 08:29:56,15.76,55,Clear
2026-03-27 09:26:32,13.76,54,Haze
2026-03-27 10:09:27,13.76,54,Haze
2026-03-27 11:03:31,13.1,53,Clear
2026-03-27 11:49:01,12.33,56,Clear
2026-03-27 12:30:18,12.02,56,Clear
2026-03-27 13:49:08,5.76,100,Mist
2026-03-27 14:39:01,11.39,60,Clouds
2026-03-27 15:28:32,5.76,100,Fog
2026-03-27 16:12:12,11.03,59,Clouds
2026-03-27 17:08:55,5.76,100,Mist
2026-03-27 17:59:41,5.76,100,Mist
2026-03-27 18:55:16,4.76,100,Mist
2026-03-27 19:33:40,4.76,100,Mist
2026-03-27 20:00:25,4.76,100,Mist
2026-03-27 20:40:32,4.76,100,Mist
2026-03-27 21:07:15,9.14,62,Clouds
2026-03-27 21:49:06,4.76,100,Mist
2026-03-27 22:03:53,9.21,61,Clouds
2026-03-27 22:44:52,5.76,100,Mist
2026-03-27 23:16:42,5.76,100,Mist
2026-03-27 23:47:05,11.53,48,Clouds
2026-03-28 00:01:26,11.53,48,Clouds
2026-03-28 02:35:13,15.86,30,Clear
2026-03-28 04:32:56,17.76,39,Haze
2026-03-28 05:41:17,17.76,45,Haze
2026-03-28 06:37:04,18.63,22,Clear
2026-03-28 07:29:41,18.76,32,Clear
2026-03-28 07:59:31,18.64,21,Clear
2026-03-28 08:37:38,17.76,42,Haze
2026-03-28 09:07:43,15.76,41,Haze
2026-03-28 09:50:14,17.07,23,Clear
2026-03-28 10:16:23,8.76,81,Clear
2026-03-28 10:51:53,8.76,81,Haze
2026-03-28 11:15:23,5.76,93,Clear
2026-03-28 11:41:54,5.76,93,Haze
2026-03-28 11:56:25,5.76,93,Haze
2026-03-28 12:32:34,5.76,81,Haze
2026-03-28 13:33:33,4.76,87,Haze
2026-03-28 14:05:14,13.15,35,Clear
2026-03-28 14:42:50,4.76,100,Haze
2026-03-28 15:02:44,4.76,100,Haze
2026-03-28 15:38:34,4.76,100,Haze
2026-03-28 15:58:23,4.76,100,Haze
2026-03-28 16:28:46,4.76,93,Haze
2026-03-28 16:58:42,12.36,36,Clouds
2026-03-28 17:25:31,3.76,93,Clouds
2026-03-28 17:51:57,3.76,93,Haze
2026-03-28 18:19:30,3.76,100,Mist
2026-03-28 19:01:35,3.76,100,Mist
2026-03-28 19:33:30,10.94,39,Clouds
2026-03-28 19:54:00,10.94,39,Clouds
2026-03-28 20:15:04,3.76,100,Mist
2026-03-28 20:48:47,10.79,39,Clouds
2026-03-28 21:14:22,10.79,39,Clouds
2026-03-28 21:44:48,3.76,100,Mist
2026-03-28 21:59:16,3.76,100,Mist
2026-03-28 22:27:18,3.76,100,Clouds
2026-03-28 22:53:57,11.85,35,Clouds
2026-03-28 23:17:22,7.76,87,Clouds
2026-03-28 23:47:39,7.76,87,Haze
2026-03-29 00:02:12,7.76,87,Haze
2026-03-29 03:17:35,17.76,29,Clear
2026-03-29 05:20:37,18.76,26,Clear
2026-03-29 06:37:17,16.76,39,Clear
2026-03-29 07:35:37,16.76,31,Haze
2026-03-29 08:03:00,16.76,31,Haze
2026-03-29 08:52:50,17.76,24,Clear
2026-03-29 09:23:29,16.76,19,Clouds
2026-03-29 09:56:26,14.76,29,Clear
2026-03-29 10:22:57,11.76,35,Clear
2026-03-29 10:55:54,13.93,18,Clouds
2026-03-29 11:19:31,13.93,18,Clouds
2026-03-29 11:46:06,11.76,40,Clear
2026-03-29 11:59:35,15.1,18,Clouds
2026-03-29 12:54:41,14.52,18,Clouds
2026-03-29 13:42:34,14.33,20,Clouds
2026-03-29 14:19:24,8.76,53,Clear
2026-03-29 14:54:39,8.76,53,Clear
2026-03-29 15:18:38,13.77,21,Clouds
2026-03-29 15:47:54,7.76,66,Clear
2026-03-29 16:03:51,13.16,22,Clouds
2026-03-29 16:47:12,8.76,61,Clear
2026-03-29 17:16:05,12.66,24,Clouds
2026-03-29 17:48:35,12.55,24,Clouds
2026-03-29 18:03:54,12.55,24,Clouds
2026-03-29 18:57:34,9.76,46,Clear
2026-03-29 19:27:58,8.76,57,Clear
2026-03-29 19:52:38,8.76,57,Clear
2026-03-29 20:16:19,8.76,61,Clear
2026-03-29 20:51:10,8.76,61,Clear
2026-03-29 21:17:33,12.37,22,Clouds
2026-03-29 21:47:54,7.76,71,Clear
2026-03-29 22:01:54,7.76,71,Clear
2026-03-29 22:37:18,12.33,22,Clouds
2026-03-29 23:02:18,13.15,22,Clouds
2026-03-29 23:39:53,10.76,58,Clear
2026-03-30 00:01:00,10.76,58,Clear
2026-03-30 02:46:44,14.76,41,Clear
2026-03-30 05:13:48,20.76,28,Clear
2026-03-30 07:00:08,20.76,30,Clear
2026-03-30 08:21:14,18.59,23,Clouds
2026-03-30 09:50:15,17,26,Clouds
2026-03-30 10:49:22,16.07,33,Clouds
2026-03-30 11:42:12,15.76,41,Rain
2026-03-30 12:39:20,13.76,58,Rain
2026-03-30 14:09:00,13.88,63,Rain
2026-03-30 15:20:43,11.76,100,Rain
2026-03-30 16:14:33,11.76,100,Rain
2026-03-30 17:11:07,10.76,100,Rain
2026-03-30 18:04:07,10.76,100,Rain
2026-03-30 19:13:28,9.76,100,Rain
2026-03-30 19:59:59,11.09,81,Rain
2026-03-30 20:44:47,10.86,81,Rain
2026-03-30 21:26:56,10.86,81,Rain
2026-03-30 22:01:01,9.76,100,Rain
2026-03-30 22:39:56,11.35,77,Clouds
2026-03-30 23:07:06,9.76,100,Clouds
2026-03-30 23:48:06,12.73,67,Clouds
2026-03-31 01:01:55,11.76,82,Mist
2026-03-31 03:52:10,15.76,63,Clouds
2026-03-31 05:29:16,16.76,55,Clouds
2026-03-31 06:48:17,17.76,48,Clouds
2026-03-31 07:57:12,17.76,52,Clouds
2026-03-31 08:49:18,18.35,48,Rain
2026-03-31 09:48:07,17.39,49,Clouds
2026-03-31 10:39:43,15.76,59,Clear
2026-03-31 11:30:35,13.76,72,Clear
2026-03-31 12:06:46,13.76,72,Clear
2026-03-31 13:57:31,14.24,55,Clouds
2026-03-31 14:55:14,9.76,87,Clouds
2026-03-31 15:56:05,13.96,56,Clouds
2026-03-31 16:47:00,13.72,57,Clouds
2026-03-31 17:42:17,8.76,100,Clear
2026-03-31 18:36:52,8.76,100,Clear
2026-03-31 19:35:45,7.76,100,Clouds
2026-03-31 20:07:25,7.76,100,Clouds
2026-03-31 20:54:36,6.76,100,Clouds
2026-03-31 21:25:42,7.76,100,Clouds
2026-03-31 21:59:49,7.76,100,Clouds
2026-03-31 22:34:20,8.76,100,Clouds
2026-03-31 23:02:05,8.76,100,Clouds
2026-03-31 23:39:20,11.76,94,Clear
2026-04-01 00:02:20,11.76,94,Clear
2026-04-01 03:27:11,16.76,59,Clouds
2026-04-01 05:34:17,16.76,59,Haze
2026-04-01 07:01:29,14.76,63,Haze
2026-04-01 08:17:21,14.76,31,Clear
2026-04-01 09:36:47,13.76,41,Clear
2026-04-01 10:36:03,11.76,40,Clear
2026-04-01 11:31:55,10.76,54,Clear
2026-04-01 12:07:35,10.76,54,Clear
2026-04-01 14:00:33,6.76,76,Clouds
2026-04-01 15:06:20,6.76,70,Clouds
2026-04-01 16:11:10,11.01,42,Clouds
2026-04-01 17:09:45,3.76,93,Clear
2026-04-01 18:00:06,3.76,93,Clear
2026-04-01 19:03:03,4.76,87,Clear
2026-04-01 19:59:45,3.76,93,Clear
2026-04-01 20:42:40,3.76,93,Mist
2026-04-01 21:26:36,2.76,100,Mist
2026-04-01 22:01:34,2.76,100,Mist
2026-04-01 22:42:29,3.76,100,Mist
2026-04-01 23:20:58,7.76,87,Mist
2026-04-01 23:51:38,7.76,87,Mist
2026-04-02 00:59:32,9.76,71,Haze
2026-04-02 03:42:10,15.76,44,Haze
2026-04-02 05:23:17,15.57,27,Clear
2026-04-02 06:43:00,15.76,36,Clear
2026-04-02 07:49:37,15.76,39,Clear
2026-04-02 08:40:04,13.76,41,Clear
2026-04-02 09:39:52,12.76,41,Clear
2026-04-02 10:33:06,10.76,46,Clear
2026-04-02 11:26:04,9.76,53,Clear
2026-04-02 12:03:21,9.76,53,Clear
2026-04-02 13:48:02,7.76,71,Haze
2026-04-02 14:42:36,7.76,81,Haze
2026-04-02 15:40:08,5.76,100,Mist
2026-04-02 16:33:30,5.76,100,Mist
2026-04-02 17:26:01,6.76,100,Mist
2026-04-02 18:06:05,6.76,100,Mist
2026-04-02 19:10:38,5.76,100,Mist
2026-04-02 19:54:49,5.76,100,Mist
2026-04-02 20:20:55,6.76,100,Mist
2026-04-02 20:56:49,6.76,100,Mist
2026-04-02 21:28:58,6.76,100,Mist
2026-04-02 22:00:20,6.76,100,Mist
2026-04-02 22:32:01,6.76,100,Mist
2026-04-02 23:01:14,6.76,100,Mist
2026-04-02 23:38:45,8.76,81,Mist
2026-04-03 00:02:50,8.76,81,Mist
2026-04-03 03:17:56,17.76,45,Clouds
2026-04-03 05:16:33,20.76,28,Clear
2026-04-03 06:18:48,21.76,26,Clear
2026-04-03 07:38:24,20.76,32,Clear
2026-04-03 08:28:48,19.76,37,Clear
2026-04-03 09:27:51,17.76,36,Clear
2026-04-03 10:07:13,17.76,36,Clear
2026-04-03 10:58:48,15.76,36,Clear
2026-04-03 11:35:40,14.76,44,Clear
2026-04-03 12:02:52,14.76,44,Clear
2026-04-03 13:21:54,14.76,55,Clouds
2026-04-03 14:08:38,14.76,55,Clouds
2026-04-03 14:58:15,13.76,62,Clouds
2026-04-03 15:35:56,12.76,71,Clouds
2026-04-03 16:04:52,12.76,71,Clouds
2026-04-03 16:53:58,13.76,62,Rain
2026-04-03 17:22:08,13.76,62,Rain
2026-04-03 17:55:06,13.76,62,Rain
2026-04-03 18:28:30,12.76,67,Rain
2026-04-03 19:10:23,12.76,67,Rain
2026-04-03 19:50:55,12.76,62,Rain
2026-04-03 20:18:41,12.76,67,Rain
2026-04-03 20:55:17,12.76,67,Haze
2026-04-03 21:21:31,12.76,67,Rain
2026-04-03 21:52:14,12.76,67,Rain
2026-04-03 22:17:15,11.76,76,Rain
2026-04-03 22:54:21,11.76,76,Rain
2026-04-03 23:21:29,12.76,71,Rain
2026-04-03 23:51:44,12.76,71,Mist
2026-04-04 00:57:53,13.76,67,Mist
2026-04-04 03:29:52,18.76,52,Clouds
2026-04-04 05:08:34,18.76,55,Clouds
2026-04-04 06:09:06,17.76,59,Clouds
2026-04-04 07:14:23,16.76,63,Clear
2026-04-04 07:55:17,16.76,63,Clear
2026-04-04 08:26:21,15.76,63,Clear
2026-04-04 09:03:17,15.76,63,Clear
2026-04-04 09:50:06,13.76,72,Clouds
2026-04-04 10:18:51,10.76,76,Clear
2026-04-04 10:53:51,10.76,76,Clear
2026-04-04 11:17:33,10.76,76,Clouds
2026-04-04 11:45:07,10.76,76,Clouds
2026-04-04 11:59:14,10.76,76,Clouds
2026-04-04 12:52:32,9.76,81,Clouds
2026-04-04 13:42:13,8.76,81,Clouds
2026-04-04 14:19:29,7.76,93,Clouds
2026-04-04 14:54:17,7.76,93,Mist
2026-04-04 15:17:42,7.76,87,Clouds
2026-04-04 15:47:49,7.76,87,Mist
2026-04-04 16:03:36,7.76,87,Mist
2026-04-04 16:47:55,7.76,93,Mist
2026-04-04 17:16:32,7.76,87,Clouds
2026-04-04 17:48:34,7.76,87,Mist
2026-04-04 18:03:30,7.76,87,Mist
2026-04-04 18:56:42,6.76,93,Mist
2026-04-04 19:25:18,6.76,93,Clouds
2026-04-04 19:49:58,6.76,93,Mist
2026-04-04 20:01:32,6.76,93,Mist
2026-04-04 20:37:40,6.76,87,Mist
2026-04-04 21:00:34,6.76,87,Mist
2026-04-04 21:33:05,6.76,93,Mist
2026-04-04 21:56:25,6.76,93,Mist
2026-04-04 22:19:13,6.76,87,Clouds
2026-04-04 22:51:11,6.76,87,Mist
2026-04-04 23:16:49,7.76,76,Clouds
2026-04-04 23:47:27,7.76,76,Mist
2026-04-05 00:02:45,7.76,76,Mist
2026-04-05 03:26:55,11.76,54,Haze
2026-04-05 05:23:53,14.76,47,Clear
2026-04-05 06:39:09,15.76,39,Clear
2026-04-05 07:39:52,15.76,39,Clear
2026-04-05 08:06:19,14.76,36,Clear
2026-04-05 08:57:22,14.76,36,Clear
2026-04-05 09:32:43,13.76,51,Clear
2026-04-05 10:03:53,13.76,51,Clear
2026-04-05 10:47:49,11.76,58,Clear
2026-04-05 11:15:51,10.76,66,Clear
2026-04-05 11:45:39,10.76,66,Clear
2026-04-05 11:59:20,10.76,66,Rain
2026-04-05 12:55:02,10.76,66,Thunderstorm
2026-04-05 13:44:02,7.76,100,Thunderstorm
2026-04-05 14:20:51,7.76,93,Rain
2026-04-05 14:55:39,7.76,93,Rain
2026-04-05 15:21:09,8.76,87,Clouds
2026-04-05 15:49:57,8.76,87,Clouds
2026-04-05 16:18:06,8.76,93,Clouds
2026-04-05 16:55:34,8.76,93,Clouds
2026-04-05 17:20:08,7.76,100,Clouds
2026-04-05 17:51:08,7.76,100,Clouds
2026-04-05 18:21:36,8.76,100,Clouds
2026-04-05 19:06:04,8.76,100,Clouds
2026-04-05 19:42:21,8.76,100,Clouds
2026-04-05 19:59:12,8.76,100,Clouds
2026-04-05 20:31:05,8.76,100,Mist
2026-04-05 20:59:27,8.76,100,Mist
2026-04-05 21:30:27,9.76,100,Mist
2026-04-05 21:55:15,9.76,100,Rain
2026-04-05 22:17:10,9.76,100,Mist
2026-04-05 22:52:22,9.76,100,Mist
2026-04-05 23:19:47,9.76,100,Mist
2026-04-05 23:50:58,9.76,100,Mist
2026-04-06 01:05:22,9.76,100,Mist
2026-04-06 04:11:50,10.76,76,Mist
2026-04-06 06:06:14,11.76,71,Haze
2026-04-06 07:58:41,12.76,62,Clouds
2026-04-06 09:05:10,13.76,30,Clouds
2026-04-06 10:18:06,13.46,15,Clouds
2026-04-06 11:13:44,9.89,13,Clouds
2026-04-06 11:57:40,9.16,13,Clouds
2026-04-06 12:56:18,7.76,34,Clear
2026-04-06 14:05:24,8.15,12,Clear
2026-04-06 15:00:30,7.8,13,Clear
2026-04-06 15:50:17,7.53,15,Clear
2026-04-06 16:31:34,3.76,48,Clear
2026-04-06 17:25:36,7.21,16,Clear
2026-04-06 18:08:52,2.76,65,Clear
2026-04-06 19:16:08,7.08,25,Clouds
2026-04-06 19:58:00,6.75,25,Clouds
2026-04-06 20:33:07,0.76,75,Clear
2026-04-06 21:06:56,0.76,75,Clear
2026-04-06 21:48:47,0.76,80,Clear
2026-04-06 22:18:51,2.76,75,Clear
2026-04-06 22:57:25,7.35,18,Clear
2026-04-06 23:28:47,7.35,18,Clear
2026-04-06 23:58:06,8.38,13,Clear
2026-04-07 01:57:29,9.82,14,Clear
2026-04-07 04:29:03,12.76,28,Clear
2026-04-07 06:04:10,13.01,15,Clear
2026-04-07 07:45:29,11.65,26,Clear
2026-04-07 08:45:31,11.76,32,Clear
2026-04-07 09:49:19,10.55,31,Clear
2026-04-07 10:42:32,10.05,31,Clear
2026-04-07 11:36:35,7.76,61,Clear
2026-04-07 12:38:24,6.76,70,Clear
2026-04-07 14:10:29,5.76,75,Clear
2026-04-07 15:40:57,3.76,75,Clear
2026-04-07 16:37:31,2.76,81,Clear
2026-04-07 17:36:05,7.11,43,Clear
2026-04-07 18:32:33,0.76,93,Clear
2026-04-07 19:37:23,6.65,52,Clear
2026-04-07 20:07:24,0.76,93,Clear
2026-04-07 21:00:34,0.76,93,Clear
2026-04-07 21:42:42,6.61,54,Clear
2026-04-07 22:21:33,1.76,100,Clear
2026-04-07 23:01:15,7.4,50,Clear
2026-04-07 23:40:43,6.76,76,Clear
2026-04-08 00:06:13,6.76,76,Clear
2026-04-08 03:27:51,12.54,29,Clear
2026-04-08 05:24:32,14.34,25,Clear
2026-04-08 06:52:05,14.63,18,Clear
2026-04-08 08:03:16,14.76,31,Clear
2026-04-08 09:14:38,13.66,23,Clear
2026-04-08 10:17:26,12.76,38,Clear
2026-04-08 11:15:43,12.51,27,Clear
2026-04-08 12:02:53,11.77,27,Clouds
2026-04-08 13:53:13,11.32,29,Clouds
2026-04-08 14:59:31,10.94,30,Clouds
2026-04-08 16:13:36,10.56,32,Clouds
2026-04-08 17:19:59,7.76,61,Clear
2026-04-08 18:19:35,7.76,61,Clear
2026-04-08 19:42:32,8.76,57,Rain
2026-04-08 20:22:32,10.38,31,Clouds
2026-04-08 21:04:49,8.76,61,Clear
2026-04-08 21:54:45,10.63,30,Clouds
2026-04-08 22:26:27,9.76,71,Clouds
2026-04-08 23:05:02,10.78,31,Clouds
2026-04-08 23:49:38,10.25,37,Clouds
2026-04-09 00:54:16,8.47,61,Rain
2026-04-09 03:39:38,8.26,74,Rain
2026-04-09 05:30:10,8.96,75,Rain
2026-04-09 06:55:25,10.83,79,Rain
2026-04-09 08:08:44,9.76,100,Rain
2026-04-09 09:22:22,10.76,100,Rain
2026-04-09 10:36:22,9.94,90,Rain
2026-04-09 11:33:42,9.94,90,Rain
2026-04-09 12:11:06,9.95,91,Rain
2026-04-09 14:10:37,10.25,94,Rain
2026-04-09 15:52:08,10.51,94,Rain
2026-04-09 16:53:50,10.53,94,Rain
2026-04-09 17:49:25,11.76,100,Clouds
2026-04-09 18:41:09,10.76,100,Rain
2026-04-09 19:48:14,10.94,96,Rain
2026-04-09 20:34:11,10.55,96,Rain
2026-04-09 21:24:20,9.76,100,Rain
2026-04-09 22:00:53,9.69,95,Clouds
2026-04-09 22:42:56,9.43,95,Rain
2026-04-09 23:24:53,9.43,95,Clouds
2026-04-09 23:56:35,9.69,94,Clouds
2026-04-10 01:27:55,9.69,89,Clouds
2026-04-10 04:24:47,12.57,70,Clouds
2026-04-10 06:12:26,11.6,72,Clouds
2026-04-10 07:58:02,11.3,72,Clouds
2026-04-10 09:02:32,10.5,76,Clouds
2026-04-10 10:13:01,9.89,78,Clouds
2026-04-10 11:11:19,9.3,82,Clouds
2026-04-10 11:58:04,8.9,84,Clouds
2026-04-10 12:59:14,8.67,84,Clouds
2026-04-10 14:15:32,8.76,100,Clouds
2026-04-10 15:06:49,8.18,87,Clear
2026-04-10 16:03:49,8.76,100,Clouds
2026-04-10 16:59:01,7.76,100,Mist
2026-04-10 17:45:01,7.78,90,Clouds
2026-04-10 18:34:09,7.76,100,Mist
2026-04-10 19:27:23,8.24,86,Clouds
2026-04-10 20:00:28,7.76,100,Mist
2026-04-10 20:39:19,7.76,100,Mist
2026-04-10 21:06:44,8.22,85,Clouds
2026-04-10 21:51:27,8.51,83,Clouds
2026-04-10 22:21:41,8.51,83,Clouds
2026-04-10 22:58:24,9.31,79,Clouds
2026-04-10 23:31:01,9.31,79,Clouds
2026-04-11 00:00:04,10.8,70,Clouds
2026-04-11 02:21:57,11.76,87,Mist
2026-04-11 04:30:50,16.04,42,Clear
2026-04-11 05:44:17,12.76,76,Haze
2026-04-11 06:41:43,17.21,40,Clear
2026-04-11 07:36:31,17.23,40,Clear
2026-04-11 08:05:55,16.75,35,Clouds
2026-04-11 08:57:33,16.54,28,Clouds
2026-04-11 09:33:58,15.44,30,Clouds
2026-04-11 10:05:45,15.43,30,Clouds
2026-04-11 10:49:54,14.65,21,Clouds
2026-04-11 11:17:26,14.65,21,Clouds
2026-04-11 11:46:18,7.76,100,Mist
2026-04-11 12:01:05,14.07,21,Clouds
2026-04-11 13:05:10,13.17,33,Clouds
2026-04-11 13:59:29,6.76,100,Mist
2026-04-11 14:35:48,5.76,100,Mist
2026-04-11 15:05:49,5.76,100,Mist
2026-04-11 15:42:50,11.77,34,Clouds
2026-04-11 16:01:57,11.77,34,Clouds
2026-04-11 16:43:25,11.34,36,Clouds
2026-04-11 17:16:59,11.34,36,Clouds
2026-04-11 17:50:06,4.76,100,Fog
2026-04-11 18:21:32,10.27,57,Clouds
2026-04-11 19:07:09,10.01,58,Clouds
2026-04-11 19:45:18,9.71,58,Clouds
2026-04-11 20:01:17,9.71,58,Clouds
2026-04-11 20:38:42,9.71,58,Clouds
2026-04-11 21:02:46,9.53,57,Clouds
2026-04-11 21:41:28,4.76,100,Fog
2026-04-11 22:00:12,9.9,54,Clouds
2026-04-11 22:33:27,11.33,46,Clouds
2026-04-11 23:02:28,11.33,46,Clouds
2026-04-11 23:42:52,13.04,36,Clouds
2026-04-12 00:03:24,13.04,36,Clouds
2026-04-12 03:37:42,20.57,23,Clouds
2026-04-12 05:36:05,21.76,30,Clear
2026-04-12 06:54:28,22.7,17,Clouds
2026-04-12 07:54:23,23.65,17,Clouds
2026-04-12 08:33:37,23.63,26,Clouds
2026-04-12 09:26:23,22.16,32,Clouds
2026-04-12 10:04:17,18.76,45,Clear
2026-04-12 10:52:24,18.59,26,Clouds
2026-04-12 11:22:53,13.76,41,Clear
2026-04-12 11:51:23,17.72,28,Clouds
2026-04-12 12:28:24,11.76,47,Clear
2026-04-12 13:38:10,16.82,36,Clouds
2026-04-12 14:21:38,9.76,71,Clear
2026-04-12 14:59:40,15.53,16,Clouds
2026-04-12 15:35:09,9.76,71,Clear
2026-04-12 16:03:41,9.76,71,Clear
2026-04-12 16:52:13,14.46,17,Clouds
2026-04-12 17:22:22,14.46,17,Clouds
2026-04-12 17:54:42,7.76,71,Clear
2026-04-12 18:27:49,14.05,18,Clouds
2026-04-12 19:11:53,13.67,19,Clear
2026-04-12 19:50:44,5.76,87,Clear
2026-04-12 20:18:40,13.31,19,Clear
2026-04-12 20:55:08,12.94,20,Clear
2026-04-12 21:21:41,5.76,93,Clear
2026-04-12 21:53:26,5.76,93,Clear
2026-04-12 22:18:48,13.33,20,Clear
2026-04-12 22:56:35,7.76,71,Clear
2026-04-12 23:25:45,11.76,71,Clear
2026-04-12 23:57:02,16.5,17,Clear
2026-04-13 01:55:55,20.57,27,Clear
2026-04-13 04:49:15,26.02,20,Clear
2026-04-13 07:04:13,26.58,18,Clouds
2026-04-13 09:06:37,25.04,22,Clouds
2026-04-13 10:53:46,18.76,48,Clear
2026-04-13 11:57:05,20.31,29,Clouds
2026-04-13 13:05:32,18.69,36,Clouds
2026-04-13 14:54:28,18.89,38,Clouds
2026-04-13 16:02:39,18.26,40,Clouds
2026-04-13 17:13:29,17.76,44,Clouds
2026-04-13 18:15:42,17.52,29,Clouds
2026-04-13 19:38:25,10.76,93,Clear
2026-04-13 20:33:55,16.39,39,Clouds
2026-04-13 21:26:00,16.39,39,Clouds
2026-04-13 22:06:08,16.54,41,Clouds
2026-04-13 22:57:14,11.76,94,Clear
2026-04-13 23:36:17,18.51,37,Clouds
2026-04-14 00:09:52,18.51,37,Clouds
2026-04-14 03:37:31,24.67,24,Clouds
2026-04-14 05:37:26,26.3,22,Clouds
2026-04-14 07:09:13,26.05,21,Clouds
2026-04-14 08:50:48,24.76,31,Clear
2026-04-14 10:02:10,22.76,33,Clear
2026-04-14 11:09:32,20.41,35,Clouds
2026-04-14 12:07:00,19.35,34,Clouds
2026-04-14 14:07:20,16.35,46,Clouds
2026-04-14 15:21:43,11.76,76,Clear
2026-04-14 16:37:06,18.16,38,Clouds
2026-04-14 17:45:55,17.7,40,Clouds
2026-04-14 18:47:39,17.37,36,Clouds
2026-04-14 19:52:57,16.92,38,Clouds
2026-04-14 20:38:37,16.5,40,Clouds
2026-04-14 21:29:46,16.5,40,Clouds
2026-04-14 22:10:17,16.66,41,Clouds
2026-04-14 23:01:18,10.76,87,Clouds
2026-04-14 23:46:13,18.95,44,Clouds
2026-04-15 01:08:36,20.82,42,Clouds
2026-04-15 04:14:42,24.68,31,Clouds
2026-04-15 06:10:23,25.71,27,Clouds
2026-04-15 08:02:30,23.76,38,Clear
2026-04-15 09:42:24,21.04,33,Clouds
2026-04-15 10:45:06,19.31,37,Clear
2026-04-15 11:39:27,17.76,55,Clear
2026-04-15 12:42:17,17.59,38,Clear
2026-04-15 14:13:05,12.76,82,Clear
2026-04-15 15:36:19,12.76,88,Clear
2026-04-15 16:37:30,15.16,38,Clear
2026-04-15 17:42:11,10.76,82,Clear
2026-04-15 18:45:56,15.28,49,Clear
2026-04-15 19:52:01,14.51,51,Clear
2026-04-15 20:32:38,14.51,51,Clear
2026-04-15 21:28:29,14.18,52,Clear
2026-04-15 22:08:30,14.29,51,Clear
2026-04-15 22:57:21,15.02,45,Clouds
2026-04-15 23:35:57,16.42,41,Clouds
2026-04-16 00:10:17,16.42,41,Clouds
2026-04-16 03:44:17,22.76,31,Clear
2026-04-16 05:51:28,25.06,18,Clouds
2026-04-16 07:13:58,25.96,17,Clouds
2026-04-16 08:55:50,22.76,31,Clear
2026-04-16 10:06:13,22.64,23,Clouds
2026-04-16 11:15:27,16.76,51,Clear
2026-04-16 12:09:09,19.23,32,Clouds
2026-04-16 14:09:03,16.76,55,Clear
2026-04-16 15:51:34,13.76,67,Clear
2026-04-16 16:59:40,13.76,67,Clear
2026-04-16 18:08:06,18.29,25,Clouds
2026-04-16 19:35:57,17.44,25,Clouds
2026-04-16 20:24:55,17.53,22,Clouds
2026-04-16 21:07:19,14.76,55,Clear
2026-04-16 21:56:03,15.97,39,Clouds
2026-04-16 22:29:22,15.97,39,Clouds
2026-04-16 23:08:24,15.13,42,Clouds
2026-04-16 23:54:34,14.76,63,Clear
2026-04-17 01:11:51,17.76,32,Clouds
2026-04-17 04:20:34,19.76,49,Clear
2026-04-17 06:15:21,20.85,38,Clouds
2026-04-17 08:04:01,18.76,48,Clear
2026-04-17 09:41:42,17.48,50,Clouds
2026-04-17 10:40:04,15.76,55,Clear
2026-04-17 11:33:35,14.67,54,Clouds
2026-04-17 12:11:24,13.76,67,Clear
2026-04-17 13:56:48,11.97,60,Clear
2026-04-17 14:48:27,10.76,87,Clear
2026-04-17 15:44:00,9.76,100,Clear
2026-04-17 16:35:22,10.76,93,Clear
2026-04-17 17:27:03,14.21,61,Clear
2026-04-17 18:09:55,14.05,62,Clear
2026-04-17 19:17:58,7.76,100,Clear
2026-04-17 20:03:26,13.64,65,Clouds
2026-04-17 20:57:01,13.39,66,Clouds
2026-04-17 21:35:02,13.39,66,Clouds
2026-04-17 22:08:48,9.76,100,Clouds
2026-04-17 22:57:56,14.99,57,Clouds
2026-04-17 23:34:06,16.67,49,Clouds
2026-04-18 00:06:01,13.76,82,Clear
2026-04-18 03:25:22,23.65,35,Clouds
2026-04-18 05:19:58,25.32,27,Clouds
2026-04-18 06:40:16,27.4,25,Clouds
2026-04-18 07:43:56,28.27,24,Clouds
2026-04-18 08:26:30,28.04,33,Clouds
2026-04-18 09:09:00,23.76,43,Clear
2026-04-18 09:58:39,19.76,56,Clear
2026-04-18 10:36:26,21.47,37,Clouds
2026-04-18 11:19:23,21.23,38,Clouds
2026-04-18 11:51:06,19.44,42,Clouds
2026-04-18 12:27:47,18.8,47,Clouds
2026-04-18 13:39:03,19.59,51,Clouds
2026-04-18 14:22:21,13.76,77,Clear
2026-04-18 15:01:12,13.76,77,Clear
2026-04-18 15:40:19,13.76,77,Clear
2026-04-18 16:06:17,13.76,77,Clear
2026-04-18 16:54:31,18.91,56,Clouds
2026-04-18 17:25:48,12.76,88,Clear
2026-04-18 17:56:26,18.57,60,Clouds
2026-04-18 18:33:27,18.61,46,Clouds
2026-04-18 19:25:09,18.61,46,Clouds
2026-04-18 19:55:57,18.05,46,Clouds
2026-04-18 20:24:29,18.05,46,Clouds
2026-04-18 20:58:07,17.8,46,Clouds
2026-04-18 21:29:33,10.76,100,Clear
2026-04-18 21:57:57,18.21,43,Clouds
2026-04-18 22:28:20,11.76,100,Clear
2026-04-18 23:02:09,19.35,40,Clouds
2026-04-18 23:41:21,20.96,48,Clouds
2026-04-19 00:04:38,16.76,77,Clear
2026-04-19 03:44:18,27.15,25,Clouds
2026-04-19 05:48:58,28.36,23,Clouds
2026-04-19 07:01:54,28.13,23,Clouds
2026-04-19 08:08:12,27.37,26,Clouds
2026-04-19 09:04:17,24.24,28,Clouds
2026-04-19 09:56:10,22.76,38,Clear
2026-04-19 10:30:24,22.24,37,Clouds
2026-04-19 11:07:42,18.76,48,Clear
2026-04-19 11:48:00,20.48,38,Clear
2026-04-19 12:25:51,20.44,38,Clouds
2026-04-19 13:36:58,17.14,43,Clear
2026-04-19 14:21:47,16.97,50,Clear
2026-04-19 15:01:23,15.48,47,Clear
2026-04-19 15:40:52,14.86,50,Clear
2026-04-19 16:06:19,14.86,50,Clear
2026-04-19 16:54:24,12.76,82,Clear
2026-04-19 17:24:31,13.86,60,Clear
2026-04-19 17:56:36,16.69,46,Clouds
2026-04-19 18:35:12,15.89,50,Clouds
2026-04-19 19:26:17,16.03,49,Clouds
2026-04-19 19:57:38,11.76,94,Clear
2026-04-19 20:30:04,15.6,51,Clouds
2026-04-19 21:02:53,10.76,93,Clear
2026-04-19 21:44:40,15,58,Clouds
2026-04-19 22:04:46,11.76,94,Clear
2026-04-19 22:49:19,13.76,82,Clouds
2026-04-19 23:21:54,14.76,72,Clouds
2026-04-19 23:55:17,14.72,74,Clouds
2026-04-20 01:17:28,16.76,67,Clouds
2026-04-20 04:30:21,12.76,94,Clouds
2026-04-20 06:31:41,16.62,59,Clouds
2026-04-20 08:34:04,14.76,47,Clear
2026-04-20 10:18:00,14.67,15,Clouds
2026-04-20 11:43:39,10.76,35,Clear
2026-04-20 12:49:22,9.76,37,Clear
2026-04-20 14:24:06,8.76,61,Clear
2026-04-20 15:48:55,7.2,45,Clear
2026-04-20 16:46:41,9.64,46,Clear
2026-04-20 17:41:55,9.59,48,Clear
2026-04-20 18:40:32,9.46,48,Clear
2026-04-20 19:42:33,9.22,50,Clear
2026-04-20 20:24:42,9.22,50,Clear
2026-04-20 21:04:45,4.76,87,Clear
2026-04-20 21:56:45,9.6,51,Clear
2026-04-20 22:34:45,10.82,43,Clear
2026-04-20 23:23:57,9.76,71,Clear
2026-04-21 00:01:48,12.23,30,Clear
2026-04-21 03:20:12,15.76,36,Clear
2026-04-21 05:37:04,17.83,23,Clouds
2026-04-21 07:12:23,16.06,26,Clouds
2026-04-21 09:00:32,12.76,58,Sand
2026-04-21 10:18:55,11.76,58,Clear
2026-04-21 11:34:00,12.66,50,Clouds
2026-04-21 12:43:04,12.41,49,Clouds
2026-04-21 14:19:25,12.29,50,Clouds
2026-04-21 15:45:34,11.84,53,Clouds
2026-04-21 16:40:44,8.76,93,Sand
2026-04-21 17:38:55,9.76,93,Sand
2026-04-21 18:41:52,8.76,93,Sand
2026-04-21 19:48:08,9.76,76,Clear
2026-04-21 20:34:26,11.87,46,Clouds
2026-04-21 21:24:20,9.76,71,Clear
2026-04-21 22:03:18,9.76,71,Clear
2026-04-21 22:50:07,12.49,40,Clouds
2026-04-21 23:23:43,12.49,40,Clouds
2026-04-21 23:54:41,11.76,54,Clear
2026-04-22 01:09:24,12.76,47,Clear
2026-04-22 04:14:47,16.76,29,Clear
2026-04-22 06:10:45,19.14,21,Clouds
2026-04-22 08:03:56,19.58,22,Clouds
2026-04-22 09:45:10,17,24,Clouds
2026-04-22 10:50:06,16.07,28,Clouds
2026-04-22 11:45:32,12.76,54,Clear
2026-04-22 12:45:13,15.37,36,Clouds
2026-04-22 14:20:36,15.11,38,Clouds
2026-04-22 15:43:11,8.76,93,Clear
2026-04-22 16:40:53,8.76,93,Clear
2026-04-22 17:38:25,13.66,43,Clouds
2026-04-22 18:42:17,13.36,44,Clouds
2026-04-22 19:49:37,7.76,93,Clear
2026-04-22 20:38:02,8.76,87,Clear
2026-04-22 21:31:29,8.76,81,Clear
2026-04-22 22:11:08,8.76,81,Clear
2026-04-22 23:03:57,14.34,37,Clouds
2026-04-22 23:54:06,12.76,62,Clear
2026-04-23 01:15:01,17.22,32,Clouds
2026-04-23 04:21:41,21.3,22,Clouds
2026-04-23 06:18:56,22.94,17,Clouds
2026-04-23 08:12:59,22.08,19,Clouds
2026-04-23 09:55:58,20.76,24,Clear
2026-04-23 10:59:50,18.26,22,Clouds
2026-04-23 11:58:28,18.78,22,Clouds
2026-04-23 13:19:17,16.76,27,Clear
2026-04-23 15:22:25,13.76,33,Clear
2026-04-23 16:54:43,11.76,47,Clear
2026-04-23 18:00:46,11.76,40,Clear
2026-04-23 19:12:35,7.76,76,Clear
2026-04-23 20:12:47,6.76,76,Clear
2026-04-23 21:05:51,6.76,76,Clear
2026-04-23 21:56:25,5.76,87,Clear
2026-04-23 22:34:21,9.76,76,Clear
2026-04-23 23:26:43,14.76,44,Clear
2026-04-24 00:06:28,14.76,44,Clear
2026-04-24 03:44:14,22.76,23,Clear
2026-04-24 05:56:34,24.76,19,Clear
2026-04-24 07:48:37,24.76,22,Clear
2026-04-24 09:19:10,21.76,28,Clear
2026-04-24 10:47:00,17.76,29,Clear
2026-04-24 11:46:00,14.76,41,Clear
2026-04-24 12:44:27,11.76,54,Clear
2026-04-24 14:17:56,18.49,27,Clear
2026-04-24 15:39:14,18.04,19,Clear
2026-04-24 16:35:48,8.76,81,Clear
2026-04-24 17:32:02,8.76,81,Clear
2026-04-24 18:06:25,8.76,81,Clear
2026-04-24 19:08:34,8.76,87,Clear
2026-04-24 19:57:20,7.76,100,Clear
2026-04-24 20:38:28,6.76,87,Clear
2026-04-24 21:29:51,7.76,87,Clear
2026-04-24 22:08:29,11.76,76,Clear
2026-04-24 22:55:01,11.76,76,Clear
2026-04-24 23:28:12,15.76,55,Clear
2026-04-25 00:02:09,15.76,55,Clear
2026-04-25 02:56:32,21.76,28,Clear
2026-04-25 05:05:27,24.76,27,Clear
2026-04-25 06:23:23,23.76,20,Clear
2026-04-25 07:48:45,23.76,20,Clear
2026-04-25 08:36:40,21.76,24,Clear
2026-04-25 09:32:11,19.76,32,Clear
2026-04-25 10:11:33,17.76,36,Clear
2026-04-25 11:01:13,17.76,36,Clear
2026-04-25 11:40:53,15.76,48,Clear
2026-04-25 12:05:43,15.76,48,Clear
2026-04-25 13:25:19,12.76,67,Clear
2026-04-25 14:10:36,12.76,67,Clear
2026-04-25 14:57:51,10.76,82,Clear
2026-04-25 15:35:08,8.76,87,Clear
2026-04-25 16:06:58,8.76,93,Clear
2026-04-25 16:57:51,8.76,93,Clear
2026-04-25 17:33:20,8.76,100,Clear
2026-04-25 18:06:10,8.76,100,Clear
2026-04-25 19:07:07,7.76,100,Clear
2026-04-25 19:50:39,7.76,100,Clear
2026-04-25 20:22:58,5.76,100,Clear
2026-04-25 20:59:59,5.76,100,Clear
2026-04-25 21:37:08,6.76,100,Clear
2026-04-25 22:04:12,6.76,100,Clear
2026-04-25 22:50:25,10.76,87,Clear
2026-04-25 23:24:09,14.76,58,Clear
2026-04-25 23:57:36,14.76,58,Clear
2026-04-26 02:05:28,19.76,26,Clear
2026-04-26 05:18:45,22.76,20,Clear
2026-04-26 07:05:18,22.76,20,Clear
2026-04-26 08:20:42,20.76,23,Clear
2026-04-26 09:15:41,19.76,24,Clear
2026-04-26 10:06:38,19.76,24,Clear
2026-04-26 10:57:46,16.76,31,Clear
2026-04-26 11:35:04,14.76,38,Clear
2026-04-26 12:06:15,14.76,38,Clear
2026-04-26 13:37:14,13.76,44,Clear
2026-04-26 14:25:07,12.76,50,Clear
2026-04-26 15:05:43,12.76,50,Clear
2026-04-26 15:52:41,12.76,54,Clear
2026-04-26 16:26:12,10.76,66,Clear
2026-04-26 17:06:50,10.76,66,Clear
2026-04-26 17:53:12,9.76,76,Clear
2026-04-26 18:30:55,10.76,71,Clear
2026-04-26 19:27:54,11.76,71,Clear
2026-04-26 20:01:21,11.76,71,Clear
2026-04-26 20:44:27,11.76,76,Clear
2026-04-26 21:21:30,11.76,76,Clear
2026-04-26 21:55:47,11.76,76,Clear
2026-04-26 22:25:39,12.76,76,Clear
2026-04-26 23:02:52,12.76,76,Clear
2026-04-26 23:49:55,16.76,55,Clear
2026-04-27 01:16:23,17.59,41,Clouds
2026-04-27 04:40:46,19.76,37,Clear
2026-04-27 07:18:58,17.76,32,Rain
2026-04-27 09:31:15,12.76,67,Rain
2026-04-27 11:22:39,11.76,87,Clouds
2026-04-27 12:54:55,10.76,100,Rain
2026-04-27 14:52:26,11.76,94,Clouds
2026-04-27 16:14:56,11.76,87,Clouds
2026-04-27 17:41:20,11.76,100,Mist
2026-04-27 18:53:05,11.76,94,Mist
2026-04-27 20:01:08,10.76,100,Mist
2026-04-27 21:05:54,10.76,93,Mist
2026-04-27 22:03:02,10.76,93,Mist
2026-04-27 22:59:23,11.76,87,Mist
2026-04-27 23:52:12,11.76,87,Mist
2026-04-28 01:23:47,13.76,72,Clouds
2026-04-28 04:46:53,14.76,63,Clouds
2026-04-28 07:17:53,15.76,55,Clouds
2026-04-28 09:35:18,14.76,58,Clear
2026-04-28 11:25:52,12.76,67,Clear
2026-04-28 13:07:04,11.76,76,Clear
2026-04-28 15:32:14,9.76,93,Clear
2026-04-28 17:12:47,8.76,100,Clear
2026-04-28 18:50:47,7.76,93,Clear
2026-04-28 20:06:49,6.76,100,Clear
2026-04-28 21:15:29,6.76,100,Clear
2026-04-28 22:11:07,6.76,100,Clear
2026-04-28 23:08:33,12.76,76,Clear
2026-04-29 00:03:40,12.76,76,Clear
2026-04-29 03:54:39,18.76,37,Clear
2026-04-29 06:14:25,20.76,26,Clear
2026-04-29 08:33:28,18.76,34,Clear
2026-04-29 10:26:41,14.76,36,Clear
2026-04-29 11:56:53,12.76,47,Clear
2026-04-29 13:24:39,11.76,66,Clear
2026-04-29 15:30:23,10.76,82,Clear
2026-04-29 17:02:57,10.76,87,Clear
2026-04-29 18:18:06,14.63,36,Clouds
2026-04-29 19:55:04,9.76,93,Clear
2026-04-29 20:45:59,9.76,93,Clouds
2026-04-29 21:44:13,8.76,100,Clouds
2026-04-29 22:38:27,11.76,94,Clear
2026-04-29 23:32:04,14.76,67,Clear
2026-04-30 01:16:35,18.76,39,Clear
2026-04-30 04:43:43,22.76,25,Clouds
2026-04-30 07:13:57,21.76,30,Clouds
2026-04-30 09:25:02,17.76,32,Clear
2026-04-30 11:11:24,15.76,39,Clear
2026-04-30 12:50:56,15.76,41,Clear
2026-04-30 14:53:57,14.76,51,Clear
2026-04-30 16:09:53,14.76,55,Clear
2026-04-30 17:41:40,13.76,54,Clear
2026-04-30 18:55:42,13.76,47,Clear
2026-04-30 20:02:56,12.76,62,Clear
2026-04-30 21:10:06,12.76,76,Clear
2026-04-30 22:07:17,12.76,67,Clear
2026-04-30 23:04:21,12.76,67,Clear
2026-04-30 23:58:42,14.76,55,Clear
2026-05-01 02:43:27,20.76,35,Clear
2026-05-01 05:55:55,21.76,40,Clear
2026-05-01 07:58:59,21.76,37,Clear
2026-05-01 09:43:23,18.76,42,Clear
2026-05-01 10:56:39,17.76,42,Clear
2026-05-01 11:51:18,16.76,51,Clear
2026-05-01 12:44:20,15.76,59,Clear
2026-05-01 14:05:21,14.76,67,Clouds
2026-05-01 15:08:17,12.76,76,Clouds
2026-05-01 16:05:59,12.76,76,Haze
2026-05-01 17:08:46,12.76,82,Haze
2026-05-01 18:08:09,10.76,87,Mist
2026-05-01 19:35:12,10.76,93,Mist
2026-05-01 20:28:55,9.76,100,Mist
2026-05-01 21:13:30,10.76,93,Mist
2026-05-01 22:04:38,10.76,93,Mist
2026-05-01 22:58:48,13.76,88,Mist
2026-05-01 23:48:14,15.76,77,Mist
2026-05-02 01:18:56,16.76,72,Haze
2026-05-02 04:29:09,19.76,64,Haze
2026-05-02 06:23:50,19.76,68,Clouds
2026-05-02 08:01:39,19.76,68,Haze
2026-05-02 09:11:54,17.76,68,Clouds
2026-05-02 10:08:41,16.76,67,Haze
2026-05-02 11:03:21,16.76,67,Haze
2026-05-02 11:53:20,16.76,67,Haze
2026-05-02 12:37:36,16.76,67,Haze
2026-05-02 13:55:45,14.76,82,Rain
2026-05-02 14:39:56,14.76,82,Rain
2026-05-02 15:28:38,13.76,100,Rain
2026-05-02 16:08:06,13.76,100,Rain
2026-05-02 17:02:42,13.76,100,Rain
2026-05-02 17:52:12,12.76,100,Rain
2026-05-02 18:36:32,12.76,100,Rain
2026-05-02 19:37:10,12.76,100,Rain
2026-05-02 20:06:50,12.76,100,Rain
2026-05-02 20:55:37,11.76,100,Rain
2026-05-02 21:29:01,11.76,100,Rain
2026-05-02 22:05:10,11.76,100,Rain
2026-05-02 22:55:34,11.76,100,Rain
2026-05-02 23:31:37,11.76,100,Rain
2026-05-03 00:08:56,12.76,100,Rain
2026-05-03 04:07:07,12.76,100,Mist
2026-05-03 06:34:12,15.76,77,Clouds
2026-05-03 08:20:51,12.76,94,Clouds
2026-05-03 09:41:01,12.76,94,Mist
2026-05-03 10:35:00,12.76,94,Mist
2026-05-03 11:22:09,11.76,100,Mist
2026-05-03 12:00:22,11.76,100,Mist
2026-05-03 13:13:17,12.76,94,Rain
2026-05-03 14:14:23,11.76,100,Rain
2026-05-03 15:05:44,11.76,100,Rain
2026-05-03 15:57:03,10.76,100,Rain
2026-05-03 16:38:11,9.76,93,Rain
2026-05-03 17:29:52,9.76,87,Mist
2026-05-03 18:10:37,9.76,81,Rain
2026-05-03 19:15:22,8.76,81,Clear
2026-05-03 19:59:24,8.76,81,Clear
2026-05-03 20:40:30,8.76,81,Clear
2026-05-03 21:25:02,8.76,87,Clear
2026-05-03 22:04:27,8.76,87,Clear
2026-05-03 22:55:57,10.76,82,Clear
2026-05-03 23:33:39,12.76,71,Clear
2026-05-04 01:16:57,16.76,51,Clear
2026-05-04 04:50:10,19.76,30,Clear
2026-05-04 07:39:31,18.76,37,Clear
2026-05-04 09:59:10,17.76,36,Clear
2026-05-04 11:46:04,14.76,41,Clear
2026-05-04 13:12:31,9.76,71,Clear
2026-05-04 15:19:42,8.76,87,Clear
2026-05-04 17:02:29,8.76,100,Clear
2026-05-04 18:20:52,7.76,100,Clear
2026-05-04 19:57:45,5.76,100,Clear
2026-05-04 21:01:50,5.76,100,Clear
2026-05-04 22:06:00,7.76,100,Clear
2026-05-04 23:05:55,10.76,100,Clear
2026-05-05 00:02:56,12.76,82,Clear
2026-05-05 03:37:42,19.76,30,Clear
2026-05-05 06:02:59,20.76,26,Clear
2026-05-05 08:22:14,18.76,27,Clear
2026-05-05 10:13:45,15.76,29,Clear
2026-05-05 11:37:47,13.76,47,Clear
2026-05-05 12:49:46,10.76,58,Clear
2026-05-05 16:15:34,8.76,71,Clear
2026-05-05 17:50:14,9.76,76,Clear
2026-05-05 18:58:10,8.76,76,Clear
2026-05-05 20:03:23,8.76,81,Clouds
2026-05-05 21:10:42,7.76,87,Clouds
2026-05-05 22:10:45,12.76,71,Clouds
2026-05-05 23:09:00,15.76,55,Clouds
2026-05-05 23:59:09,15.76,55,Clouds
2026-05-06 02:36:28,20.76,52,Clear
2026-05-06 05:43:56,22.76,40,Clear
2026-05-06 07:58:19,21.76,37,Clear
2026-05-06 10:08:59,18.76,45,Clear
2026-05-06 12:02:45,17.76,48,Clear
2026-05-06 14:33:44,15.76,63,Clear
2026-05-06 16:15:04,14.76,63,Clear
2026-05-06 17:52:01,12.76,71,Clear
2026-05-06 19:13:35,11.76,76,Clear
2026-05-06 20:45:07,11.76,76,Clear
2026-05-06 21:44:41,10.76,87,Clear
2026-05-06 22:30:25,14.76,77,Clear
2026-05-06 23:26:38,16.76,59,Clear
2026-05-07 00:08:59,16.76,59,Clear
2026-05-07 03:59:43,19.76,64,Clouds
2026-05-07 06:33:43,14.76,100,Rain
2026-05-07 09:12:34,13.76,100,Rain
2026-05-07 11:17:58,12.76,100,Clouds
2026-05-07 13:03:26,13.76,100,Clouds
2026-05-07 15:30:13,11.76,100,Clouds
2026-05-07 17:15:22,10.76,100,Clear
2026-05-07 18:59:05,9.76,100,Mist
2026-05-07 20:12:39,9.76,87,Clear
2026-05-07 21:13:55,9.76,87,Clear
2026-05-07 22:15:35,12.76,71,Clear
2026-05-07 23:11:18,12.76,71,Clear
2026-05-08 00:03:56,13.76,62,Clear
2026-05-08 03:46:12,17.76,45,Clear
2026-05-08 05:47:35,20.76,24,Clear
2026-05-08 07:09:08,20.76,23,Clear
2026-05-08 08:46:11,19.76,30,Clear
2026-05-08 10:08:25,18.76,32,Clear
2026-05-08 11:41:30,15.76,44,Clear
2026-05-08 12:57:36,14.76,51,Clear
2026-05-08 14:47:43,12.76,58,Clear
2026-05-08 16:03:13,9.76,81,Clear
2026-05-08 17:26:57,9.76,66,Clear
2026-05-08 18:49:55,7.76,81,Clear
2026-05-08 19:59:37,7.76,87,Clear
2026-05-08 20:58:41,7.76,100,Clear
2026-05-08 21:56:51,6.76,100,Clear
2026-05-08 22:45:33,11.76,82,Clear
2026-05-08 23:38:59,15.76,55,Clear
2026-05-09 01:19:17,19.76,28,Clear
2026-05-09 04:34:26,21.76,26,Clear
2026-05-09 06:33:03,20.76,28,Clear
2026-05-09 08:18:19,19.76,32,Clear
2026-05-09 09:44:43,19.76,24,Clear
2026-05-09 10:36:33,16.76,45,Clear
2026-05-09 11:28:34,14.76,41,Clear
2026-05-09 12:07:34,14.76,41,Clear
2026-05-09 13:46:49,11.76,54,Clear
2026-05-09 14:37:33,10.76,66,Clear
2026-05-09 15:31:43,10.76,62,Clear
2026-05-09 16:28:29,9.76,93,Clear
2026-05-09 17:27:11,8.76,100,Clear
2026-05-09 18:11:08,8.76,93,Clear
2026-05-09 19:19:59,7.76,100,Clear
2026-05-09 20:02:56,7.76,100,Clear
2026-05-09 20:54:55,7.76,100,Clear
2026-05-09 21:30:47,8.76,93,Clear
2026-05-09 22:07:19,8.76,93,Clear
2026-05-09 22:59:37,11.76,87,Clear
2026-05-09 23:46:16,16.76,48,Clear
2026-05-10 01:25:53,19.76,37,Clear
2026-05-10 04:55:52,23.76,23,Clear
2026-05-10 07:20:17,22.76,21,Clear
2026-05-10 09:08:35,19.76,28,Clear
2026-05-10 10:22:40,18.76,32,Clear
2026-05-10 11:16:21,15.76,55,Clear
2026-05-10 12:03:20,15.76,55,Clear
2026-05-10 13:47:41,12.76,71,Clear
2026-05-10 14:40:05,11.76,76,Clear
2026-05-10 15:34:49,13.76,77,Clear
2026-05-10 16:31:20,11.76,82,Clear
2026-05-10 17:29:32,9.76,100,Clouds
2026-05-10 18:13:12,9.76,100,Clouds
2026-05-10 19:32:02,12.76,82,Clear
2026-05-10 20:10:38,12.76,82,Clear
2026-05-10 21:02:58,12.76,88,Clouds
2026-05-10 21:55:35,13.76,82,Clouds
2026-05-10 22:33:44,15.76,77,Clouds
2026-05-10 23:30:40,16.76,67,Clouds
2026-05-11 01:22:44,18.76,68,Clouds
2026-05-11 05:07:43,18.76,94,Clouds
2026-05-11 08:32:25,18.76,88,Clouds
2026-05-11 11:42:51,17.76,88,Clouds
2026-05-11 14:08:14,15.76,100,Clouds
2026-05-11 16:39:40,13.76,100,Clouds
2026-05-11 18:21:13,15.76,100,Mist
2026-05-11 20:07:19,14.76,100,Mist
2026-05-11 21:37:53,15.76,100,Mist
2026-05-11 22:34:55,15.76,100,Mist
2026-05-11 23:32:30,16.76,100,Clouds
2026-05-12 01:17:14,18.76,82,Clouds
2026-05-12 04:48:20,21.76,64,Clouds
2026-05-12 07:31:52,23.76,53,Clouds
2026-05-12 10:04:52,21.76,64,Clouds
2026-05-12 12:04:44,17.76,68,Clear
2026-05-12 14:44:00,13.76,100,Clear
2026-05-12 16:55:44,12.76,100,Clear
2026-05-12 18:29:03,12.76,100,Clear
2026-05-12 20:16:26,10.76,100,Fog
2026-05-12 21:40:28,11.76,100,Clouds
2026-05-12 22:43:17,14.76,100,Clear
2026-05-12 23:40:35,17.76,82,Clear
2026-05-13 01:26:16,22.76,56,Clear
2026-05-13 05:01:35,24.76,47,Clouds
2026-05-13 07:51:58,22.76,53,Clear
2026-05-13 10:09:15,21.76,56,Clear
2026-05-13 12:21:09,16.76,77,Clear
2026-05-13 15:17:21,13.76,100,Clear
2026-05-13 17:24:34,12.76,100,Clear
2026-05-13 19:12:37,12.76,100,Clouds
2026-05-13 20:53:51,12.76,100,Mist
2026-05-13 22:00:45,12.76,100,Clouds
2026-05-13 23:05:59,15.76,100,Clear
2026-05-14 00:11:35,21.76,64,Clear
2026-05-14 04:10:38,27.76,39,Clear
2026-05-14 06:51:52,31.76,27,Clear
2026-05-14 09:24:17,26.76,47,Clear
2026-05-14 11:23:23,23.76,60,Clear
2026-05-14 13:10:10,21.76,64,Clear
2026-05-14 15:29:10,19.76,83,Clear
2026-05-14 17:18:56,18.76,77,Clear
2026-05-14 19:10:57,17.76,77,Clear
2026-05-14 20:42:36,15.76,94,Mist
2026-05-14 21:48:16,14.76,100,Mist
2026-05-14 22:42:45,19.76,77,Clear
2026-05-14 23:35:54,22.76,60,Clear
2026-05-15 01:24:46,26.76,39,Clear
2026-05-15 05:02:19,29.76,35,Clear
2026-05-15 10:13:42,25.76,47,Clear
2026-05-15 12:07:15,19.76,73,Clear
2026-05-15 14:30:10,18.76,77,Clear
2026-05-15 16:19:00,16.76,94,Clear
2026-05-15 17:53:59,15.76,100,Clear
2026-05-15 19:09:14,14.76,100,Clear
2026-05-15 20:22:11,13.76,100,Clear
2026-05-15 21:30:54,13.76,100,Clear
2026-05-15 22:29:45,18.76,88,Clear
2026-05-15 23:27:42,21.76,68,Clear
2026-05-16 00:12:30,21.76,68,Clear
2026-05-16 03:59:23,28.76,34,Clear
2026-05-16 06:20:35,28.76,37,Clear
2026-05-16 08:20:16,26.76,39,Clear
2026-05-16 09:52:24,24.76,38,Clear
2026-05-16 10:49:58,21.76,53,Clear
2026-05-16 11:39:00,19.76,60,Clear
2026-05-16 12:41:54,17.76,68,Clear
2026-05-16 14:07:45,16.76,72,Clear
2026-05-16 15:11:21,15.76,88,Clear
2026-05-16 16:07:22,13.76,100,Clear
2026-05-16 17:11:35,13.76,100,Clear
2026-05-16 18:04:11,13.76,100,Clear
2026-05-16 19:18:53,16.73,65,Clouds
2026-05-16 20:07:36,12.76,100,Clear
2026-05-16 21:00:40,12.76,100,Clear
2026-05-16 21:51:46,13.76,94,Clear
2026-05-16 22:31:37,17.76,82,Clear
2026-05-16 23:28:04,20.76,64,Clear
2026-05-17 00:12:17,22.76,56,Clear
2026-05-17 04:19:48,28.76,32,Clear
2026-05-17 07:16:07,27.76,28,Clear
2026-05-17 09:13:32,26.76,28,Clear
2026-05-17 10:38:49,22.76,40,Clear
2026-05-17 11:41:31,19.76,56,Clear
2026-05-17 12:38:30,18.76,59,Clear
2026-05-17 15:11:47,15.76,77,Clear
2026-05-17 16:08:37,15.76,77,Clear
2026-05-17 17:10:46,12.76,100,Clear
2026-05-17 18:07:46,12.76,100,Clear
2026-05-17 19:23:38,13.76,100,Clear
2026-05-17 20:10:40,11.76,100,Clear
2026-05-17 21:06:50,11.76,100,Clear
2026-05-17 22:03:15,12.76,100,Clear
2026-05-17 23:00:33,17.76,77,Clear
2026-05-17 23:58:08,21.76,53,Clear
2026-05-18 02:48:49,28.76,28,Clear
2026-05-18 06:40:03,28.76,21,Clear
2026-05-18 10:48:29,22.76,43,Clear
2026-05-18 14:19:10,19.76,52,Clear
2026-05-18 17:12:19,18.76,59,Clear
2026-05-18 19:01:26,18.76,59,Clear
2026-05-18 20:27:03,17.76,68,Clear
2026-05-18 21:43:46,18.76,72,Clear
2026-05-18 22:39:10,19.76,73,Clear
2026-05-18 23:41:15,22.76,56,Clear
2026-05-19 01:32:54,23.76,50,Clear
2026-05-19 05:43:21,22.76,56,Clear
2026-05-19 08:45:51,22.76,60,Clear
2026-05-19 11:44:50,20.76,68,Clear
2026-05-19 14:16:30,19.76,73,Clear
2026-05-19 17:14:49,20.76,68,Clear
2026-05-19 19:17:14,18.76,88,Clouds
2026-05-19 20:51:30,18.76,82,Clouds
2026-05-19 22:01:11,18.76,94,Rain
2026-05-19 23:05:09,16.76,94,Rain
2026-05-20 00:15:12,17.76,88,Rain
2026-05-20 04:36:21,15.76,100,Rain
2026-05-20 08:02:35,15.76,100,Rain
2026-05-20 11:12:44,15.76,100,Rain
2026-05-20 13:45:22,15.76,100,Rain
2026-05-20 16:37:27,15.76,100,Rain
2026-05-20 19:02:35,15.76,100,Rain
2026-05-20 21:02:24,15.76,100,Rain
2026-05-20 22:26:03,16.76,94,Clouds
2026-05-20 23:44:41,16.76,100,Mist
2026-05-21 01:33:59,17.76,94,Drizzle
2026-05-21 05:50:31,18.76,88,Mist
2026-05-21 08:49:19,21.76,68,Clouds
2026-05-21 11:54:56,18.76,77,Clear
2026-05-21 14:30:30,17.76,77,Clear
2026-05-21 17:13:34,14.76,94,Clear
2026-05-21 19:16:29,13.76,94,Clear
2026-05-21 20:57:39,12.76,100,Clear
2026-05-21 22:14:54,12.76,100,Clear
2026-05-21 23:17:12,18.76,63,Clear
2026-05-22 00:16:00,20.76,52,Clear
2026-05-22 04:35:59,25.76,36,Clear
2026-05-22 08:00:06,26.76,32,Clear
2026-05-22 10:50:53,24.76,33,Clear
2026-05-22 13:16:42,21.76,33,Clear
2026-05-22 15:57:32,18.76,48,Clear
2026-05-22 17:46:35,19.76,45,Clear
2026-05-22 19:17:16,17.76,59,Clear
2026-05-22 20:48:23,17.76,63,Clear
2026-05-22 21:48:57,16.76,67,Clear
2026-05-22 22:42:53,17.76,63,Clear
2026-05-22 23:45:27,16.76,67,Rain
2026-05-23 01:26:54,17.76,68,Rain
2026-05-23 04:56:18,22.76,49,Clear
2026-05-23 07:24:32,23.76,43,Clear
2026-05-23 09:16:26,21.76,64,Clear
2026-05-23 10:43:50,19.76,73,Clear
2026-05-23 11:44:53,18.76,77,Clear
2026-05-23 12:42:37,17.76,88,Clear
2026-05-23 14:13:35,15.76,100,Clouds
2026-05-23 15:18:49,15.76,100,Clear
2026-05-23 17:16:21,14.76,100,Clear
2026-05-23 18:10:23,14.76,100,Clear
2026-05-23 19:34:56,13.76,100,Clear
2026-05-23 20:27:30,13.76,100,Clouds
2026-05-23 21:12:47,13.76,100,Clear
2026-05-23 22:07:20,15.76,100,Mist
2026-05-23 23:03:56,15.76,100,Mist
2026-05-24 00:03:52,18.76,77,Clear
2026-05-24 04:22:33,26.76,44,Clear
2026-05-24 07:31:46,28.76,42,Clear
2026-05-24 09:28:44,25.76,61,Clear
2026-05-24 10:53:26,22.76,68,Clear
2026-05-24 11:54:54,20.76,73,Clear
2026-05-24 12:51:11,19.76,77,Clear
2026-05-24 14:15:20,18.76,94,Clear
2026-05-24 15:32:51,17.76,100,Clear
2026-05-24 16:34:16,16.76,100,Clear
2026-05-24 17:32:46,16.76,100,Clear
2026-05-24 18:40:55,16.76,100,Clear
2026-05-24 19:49:00,16.76,100,Clear
2026-05-24 20:37:29,15.76,100,Clear
2026-05-24 21:33:40,15.76,100,Clouds
2026-05-24 22:32:43,19.76,94,Clear
2026-05-24 23:34:19,22.76,73,Clear
2026-05-25 01:33:11,26.76,54,Clear
2026-05-25 06:04:04,29.76,45,Clear
2026-05-25 10:41:40,25.76,69,Clear
2026-05-25 13:47:44,22.76,88,Clear
2026-05-25 16:09:13,20.76,100,Clouds
2026-05-25 17:51:30,20.76,100,Clouds
2026-05-25 19:08:02,20.76,100,Clouds
2026-05-25 20:40:17,21.76,100,Clouds
2026-05-25 21:48:45,20.76,100,Clear
2026-05-25 22:44:08,22.76,94,Clear
2026-05-25 23:44:53,23.76,83,Clear
2026-05-26 01:29:43,26.76,65,Clear
2026-05-26 05:37:23,28.76,58,Clear
2026-05-26 08:51:17,26.76,83,Rain
2026-05-26 14:24:56,21.76,100,Clouds
2026-05-26 17:39:11,21.76,100,Mist
2026-05-26 19:36:33,22.76,94,Rain
2026-05-26 21:14:19,20.76,100,Rain
2026-05-26 22:39:05,19.76,100,Rain
2026-05-26 23:43:50,19.76,100,Clouds
2026-05-27 01:50:59,22.76,83,Clouds
2026-05-27 06:03:29,24.76,73,Rain
2026-05-27 10:12:32,20.76,100,Clouds
2026-05-27 13:46:40,19.76,100,Drizzle
2026-05-27 16:51:44,18.76,100,Clouds
2026-05-27 19:08:24,17.76,100,Drizzle
2026-05-27 21:06:34,17.76,100,Mist
2026-05-27 22:47:40,18.76,100,Mist
2026-05-27 23:48:44,18.76,100,Mist
2026-05-28 01:26:18,20.76,94,Mist
2026-05-28 05:39:57,25.76,73,Clouds
2026-05-28 09:01:39,24.76,73,Clouds
2026-05-28 12:31:21,17.76,100,Clouds
2026-05-28 16:37:59,15.76,100,Mist
2026-05-28 21:19:33,15.76,100,Fog
2026-05-28 22:46:51,17.76,100,Mist
2026-05-28 23:54:50,18.76,100,Mist
2026-05-29 01:49:58,23.76,69,Haze
2026-05-29 05:58:21,25.76,53,Clear
2026-05-29 09:44:33,23.76,43,Clear
2026-05-29 12:35:06,19.76,73,Clear
2026-05-29 16:25:48,14.76,100,Clear
2026-05-29 18:45:21,13.76,100,Clear
2026-05-29 21:01:13,12.76,100,Clear
2026-05-29 22:38:20,17.76,88,Clear
2026-05-29 23:51:20,19.76,77,Clear
2026-05-30 01:44:37,23.76,60,Clear
2026-05-30 05:33:41,27.76,44,Clear
2026-05-30 08:03:31,26.76,47,Clear
2026-05-30 10:08:15,24.76,53,Clear
2026-05-30 11:40:58,21.76,64,Clear
2026-05-30 12:48:07,19.76,73,Clear
2026-05-30 14:18:34,18.76,88,Clear
2026-05-30 15:38:13,17.76,94,Clear
2026-05-30 16:37:30,16.76,94,Clear
2026-05-30 17:40:15,15.76,100,Clear
2026-05-30 18:44:23,15.76,100,Clear
2026-05-30 19:53:28,15.76,100,Clear
2026-05-30 20:40:23,15.76,100,Clear
2026-05-30 21:38:15,15.76,100,Clear
2026-05-30 22:34:38,20.76,78,Clear
2026-05-30 23:35:06,23.76,64,Clear
2026-05-31 01:35:43,27.76,44,Clear
2026-05-31 05:58:14,30.76,29,Clear
2026-05-31 08:38:29,28.76,23,Clear
2026-05-31 10:34:06,26.76,29,Clear
2026-05-31 12:00:54,23.76,46,Clear
2026-05-31 13:49:15,19.76,68,Clear
2026-05-31 15:06:17,17.76,68,Clear
2026-05-31 16:20:05,16.76,72,Clear
2026-05-31 17:32:26,16.76,82,Clear
2026-05-31 18:45:41,15.76,94,Clear
2026-05-31 19:53:44,14.76,100,Clear
2026-05-31 20:44:31,14.76,100,Clear
2026-05-31 21:40:07,15.76,100,Clear
2026-05-31 22:37:45,17.76,94,Clear
2026-05-31 23:40:25,20.76,68,Clear
2026-06-01 01:58:11,26.76,41,Clear
2026-06-01 06:50:05,25.76,41,Clear
2026-06-01 12:25:26,19.76,64,Clear
2026-06-01 18:20:21,16.76,100,Clear
2026-06-01 21:44:12,15.76,100,Clear
2026-06-01 23:16:08,21.76,64,Clear
2026-06-02 01:36:35,26.76,47,Clear
2026-06-02 06:17:36,31.76,43,Clear
2026-06-02 10:55:50,28.76,51,Clear
2026-06-02 14:40:22,21.76,83,Clear
2026-06-02 18:23:09,22.52,61,Clear
2026-06-02 21:26:10,21.91,61,Clouds
2026-06-02 23:12:40,24.09,46,Clouds
2026-06-03 01:45:38,29.23,27,Clouds
2026-06-03 06:31:28,29.97,27,Clouds
2026-06-03 11:27:46,25.29,52,Clouds
2026-06-03 15:57:38,23.63,59,Clouds
2026-06-03 19:42:51,21.99,68,Clouds
2026-06-03 22:15:16,22.37,69,Clouds
2026-06-04 00:00:31,25.02,59,Clouds
2026-06-04 04:10:14,27.8,51,Clouds
2026-06-04 08:32:48,22.85,69,Clouds
2026-06-04 11:34:10,21.18,76,Rain
2026-06-04 14:14:59,20.41,85,Clouds
2026-06-04 17:22:16,19.37,84,Clouds
2026-06-04 19:33:20,17.56,82,Clear
2026-06-04 21:13:35,17.18,80,Clouds
2026-06-04 22:44:04,18.26,69,Clouds
2026-06-04 23:50:00,19.6,58,Clouds
2026-06-05 01:54:44,23.21,38,Clouds
2026-06-05 06:08:07,25.7,23,Clouds
2026-06-05 10:10:38,23.7,28,Clear
2026-06-05 12:48:53,20.98,43,Clear
2026-06-05 15:40:48,19.23,53,Clear
2026-06-05 17:30:07,18.78,54,Clear
2026-06-05 19:16:48,17.91,60,Clouds
2026-06-05 20:56:36,17.62,60,Clouds
2026-06-05 22:08:51,18.73,54,Clouds
2026-06-05 23:22:36,20.34,47,Clouds
2026-06-06 01:25:22,23.66,33,Clouds
2026-06-06 05:06:41,28.97,17,Clouds
2026-06-06 07:53:36,28.23,20,Clouds
2026-06-06 09:49:44,25.49,31,Clouds
2026-06-06 11:11:56,25.39,32,Clouds
2026-06-06 12:16:01,24.83,34,Clouds
2026-06-06 14:08:15,23.69,37,Clouds
2026-06-06 15:24:27,23.28,38,Clouds
2026-06-06 16:36:09,21.91,38,Clouds
2026-06-06 17:44:45,21.45,39,Clouds
2026-06-06 18:54:09,21.22,41,Clouds
2026-06-06 20:01:17,20.6,44,Clouds
2026-06-06 21:07:32,20.38,45,Clouds
2026-06-06 22:13:24,20.91,41,Clouds
2026-06-06 23:16:11,21.98,35,Clouds
2026-06-07 00:17:27,22.32,34,Clouds
2026-06-07 04:57:03,27.53,36,Clouds
2026-06-07 08:18:35,26.87,35,Clouds
2026-06-07 10:37:14,24.27,47,Clouds
2026-06-07 12:09:37,23.37,52,Clouds
2026-06-07 14:16:54,22.38,55,Clouds
2026-06-07 15:43:51,21.56,55,Clouds
2026-06-07 16:56:49,21.37,55,Clouds
2026-06-07 17:58:08,20.5,59,Clouds
2026-06-07 19:14:03,20,63,Rain
2026-06-07 20:37:31,19.27,66,Rain
2026-06-07 21:47:40,18.92,68,Rain
2026-06-07 22:47:13,19.24,67,Rain
2026-06-07 23:46:29,20.71,60,Rain
2026-06-08 02:01:52,23.39,45,Clouds
2026-06-08 06:49:40,26.54,29,Clouds
2026-06-08 11:31:00,23.36,38,Clouds
2026-06-08 14:56:28,20.81,46,Clouds
2026-06-08 17:42:43,19.32,52,Clouds
2026-06-08 19:51:10,18.35,57,Clear
2026-06-08 21:28:45,18.28,57,Clear
2026-06-08 22:54:54,21.07,47,Clear
2026-06-08 23:54:47,23.04,39,Clear
2026-06-09 01:44:42,25.88,28,Clouds
2026-06-09 05:52:20,27.53,24,Clouds
2026-06-09 08:52:11,24.43,29,Clouds
2026-06-09 11:48:23,20.9,46,Clouds
2026-06-09 14:06:53,20.1,57,Clouds
2026-06-09 16:39:05,19.25,63,Clouds
2026-06-09 18:34:52,18.42,67,Clear
2026-06-09 20:31:29,18.16,69,Clear
2026-06-09 22:07:32,19.26,63,Clear
2026-06-09 23:37:02,20.69,55,Clear
2026-06-10 01:37:50,23.18,46,Clear
2026-06-10 06:04:32,25.93,36,Clear
2026-06-10 10:17:32,22.18,50,Clear
2026-06-10 13:49:29,20.07,58,Clear
2026-06-10 16:49:14,18.93,65,Clear
2026-06-10 19:21:35,18.05,72,Clear
2026-06-10 21:31:12,17.89,73,Clear
2026-06-10 23:08:26,20.68,58,Clear
2026-06-11 01:34:47,24.46,39,Clear
2026-06-11 06:20:16,25.45,40,Rain
2026-06-11 11:00:25,21.49,54,Clouds
2026-06-11 14:37:28,19.64,64,Clouds
2026-06-11 17:53:21,18.45,68,Clear
2026-06-11 20:02:14,17.86,72,Clear
2026-06-11 22:05:08,19.33,62,Clear
2026-06-11 23:47:10,22.53,47,Clear
2026-06-12 02:00:00,25.36,37,Clear
2026-06-12 06:41:56,26.11,37,Clear
2026-06-12 10:51:40,22.94,45,Clear
2026-06-12 13:54:08,21.32,51,Clear
2026-06-12 16:34:41,20.05,60,Clear
2026-06-12 18:25:32,19.65,62,Clear
2026-06-12 20:31:41,19.07,65,Clear
2026-06-12 22:07:17,20.37,58,Clear
2026-06-12 23:42:06,23.91,43,Clear
2026-06-13 01:51:26,27.75,30,Clouds
2026-06-13 06:03:03,31.38,19,Clouds
2026-06-13 09:28:55,29.38,22,Clouds
2026-06-13 11:27:02,25.66,33,Clouds
2026-06-13 13:00:34,24.81,37,Clouds
2026-06-13 15:01:26,23.48,50,Clouds
2026-06-13 16:16:50,23.08,57,Clouds
2026-06-13 17:46:31,22.24,61,Clouds
2026-06-13 18:57:30,21.15,73,Clouds
2026-06-13 20:11:18,21.86,64,Clouds
2026-06-13 21:35:58,20.7,77,Clouds
2026-06-13 22:40:27,22.36,68,Clouds
2026-06-13 23:44:01,22.99,68,Clouds
2026-06-14 02:00:00,26.18,50,Clouds
2026-06-14 06:40:34,28.38,38,Clouds
2026-06-14 10:06:25,24.64,53,Clouds
2026-06-14 12:08:21,21.69,69,Clouds
2026-06-14 14:23:53,21.74,69,Clouds
2026-06-14 15:59:32,20.62,72,Clouds
2026-06-14 17:19:48,20.12,74,Clouds
2026-06-14 18:45:41,19.8,73,Clouds
2026-06-14 20:10:06,19.5,74,Clouds
2026-06-14 21:36:11,20.81,64,Clouds
2026-06-14 22:45:51,22.72,56,Clouds
2026-06-14 23:51:05,24.8,48,Clouds
2026-06-15 02:07:19,29.21,36,Clouds
2026-06-15 07:32:15,31.15,27,Clouds
2026-06-15 13:31:52,26.54,40,Clouds
2026-06-15 18:08:46,23.81,50,Clouds
2026-06-15 21:16:47,22.8,55,Clouds
2026-06-15 23:09:30,25.09,48,Clouds
2026-06-16 01:44:42,29.9,36,Clouds
2026-06-16 07:05:54,32.15,29,Clouds
2026-06-16 12:18:34,28.44,38,Clouds
2026-06-16 17:22:46,24.97,49,Clear
2026-06-16 20:20:10,23.56,54,Clear
2026-06-16 22:23:30,24.6,53,Clear
2026-06-16 23:51:08,27.6,46,Clear
2026-06-17 02:07:13,27.92,44,Clouds
2026-06-17 07:23:43,31.52,35,Clouds
2026-06-17 11:58:42,26.45,45,Clouds
2026-06-17 15:17:47,23.88,57,Clouds
2026-06-17 17:59:25,22.96,71,Clouds
2026-06-17 20:09:36,22.63,72,Clouds
2026-06-17 22:09:04,23.18,69,Clouds
2026-06-17 23:48:15,26.38,55,Clouds
2026-06-18 02:04:08,29.17,44,Clear
2026-06-18 07:00:51,30.7,40,Clouds
2026-06-18 11:08:41,27.57,49,Clouds
2026-06-18 14:18:57,26.09,57,Clouds
2026-06-18 17:31:40,24.8,62,Clouds
2026-06-18 19:39:15,23.59,68,Clouds
2026-06-18 21:35:11,23.73,67,Clouds
2026-06-18 23:20:17,25.66,59,Clouds
2026-06-19 02:08:16,30.88,41,Clouds
2026-06-19 07:22:01,33.65,32,Rain
2026-06-19 11:42:43,22.23,90,Rain
2026-06-19 14:27:28,22.62,84,Rain
2026-06-19 16:55:38,21.25,90,Rain
2026-06-19 18:26:46,21.12,94,Rain
2026-06-19 20:11:08,20.23,95,Rain
2026-06-19 21:19:14,19.32,92,Rain
2026-06-19 22:14:22,19.14,91,Rain
2026-06-19 23:13:46,19.25,93,Rain
2026-06-20 00:18:58,19.52,91,Rain
2026-06-20 04:42:26,20.37,88,Rain
2026-06-20 08:05:05,20.23,92,Clouds
2026-06-20 10:38:15,20.23,92,Clouds
2026-06-20 12:16:11,20.04,91,Clouds
2026-06-20 14:31:13,19.65,87,Clouds
2026-06-20 15:58:47,19.31,86,Clouds
2026-06-20 17:22:50,18.94,87,Clouds
2026-06-20 18:50:56,18.78,87,Clouds
2026-06-20 20:07:54,18.41,88,Clouds
2026-06-20 21:37:08,19.3,81,Clouds
2026-06-20 22:46:06,20.74,75,Clouds
2026-06-20 23:50:10,21.82,69,Clouds
2026-06-21 02:06:39,25.62,56,Clouds
2026-06-21 07:01:06,27.52,47,Clouds
2026-06-21 10:32:07,26.33,54,Clouds
2026-06-21 12:25:27,24.37,61,Clouds
2026-06-21 14:37:05,23.18,70,Clouds
2026-06-21 16:17:18,22.88,71,Clouds
2026-06-21 17:53:37,22.5,74,Clouds
2026-06-21 19:06:53,22.42,73,Clouds
2026-06-21 20:43:50,22.04,73,Clouds
2026-06-21 22:01:39,22.08,73,Clouds
2026-06-21 23:19:28,23.01,68,Clouds
2026-06-22 01:42:20,24.5,60,Clouds
2026-06-22 07:02:58,27.41,50,Rain
2026-06-22 12:54:47,23.15,73,Clouds
2026-06-22 17:20:59,21.28,84,Clouds
2026-06-22 20:16:22,19.94,88,Clouds
2026-06-22 22:16:23,20.65,80,Clouds
2026-06-22 23:42:56,23.39,62,Clouds
2026-06-23 01:33:46,25.2,53,Clouds
2026-06-23 05:46:56,30.37,30,Clouds
2026-06-23 08:47:59,30.08,27,Clear
2026-06-23 11:45:31,25.57,45,Clouds
2026-06-23 14:05:44,24.03,46,Clouds
2026-06-23 16:32:33,22.53,52,Clouds
2026-06-23 18:22:38,21.16,57,Clouds
2026-06-23 20:26:54,20.04,62,Clouds
2026-06-23 21:54:02,20.04,57,Clouds
2026-06-23 22:55:10,20.73,52,Clouds
2026-06-23 23:44:31,22.16,46,Clouds
2026-06-24 01:31:09,23.94,39,Clouds
2026-06-24 05:39:50,28.43,32,Clouds
2026-06-24 08:40:59,28.09,33,Clouds
2026-06-24 11:26:52,25.51,43,Clouds
2026-06-24 13:32:59,23.88,52,Clear
2026-06-24 15:53:42,22.56,57,Clear
2026-06-24 17:43:55,21.33,60,Clear
2026-06-24 19:17:39,20.79,62,Clouds
2026-06-24 20:58:03,20.56,63,Clouds
2026-06-24 22:12:00,20.66,62,Clouds
2026-06-24 23:20:30,22.47,54,Clouds
2026-06-25 01:28:55,26,40,Rain
2026-06-25 05:37:50,24.65,54,Clouds
2026-06-25 08:36:46,21.22,71,Clouds
2026-06-25 11:17:29,19.72,85,Clouds
2026-06-25 13:27:19,19.89,87,Clouds
2026-06-25 15:58:17,19.71,87,Clouds
2026-06-25 18:06:19,19.21,89,Clouds
2026-06-25 20:18:39,17.88,92,Clear
2026-06-25 21:53:47,18.49,83,Clear
2026-06-25 23:03:55,19.77,75,Clear
2026-06-26 00:18:30,21.38,65,Clear
2026-06-26 04:41:51,28.89,36,Clouds
2026-06-26 08:18:25,29.94,32,Clear
2026-06-26 11:15:42,25.83,51,Clouds
2026-06-26 13:20:35,24.94,55,Clouds
2026-06-26 15:31:54,24.06,59,Clouds
2026-06-26 17:16:35,22.44,64,Clouds
2026-06-26 19:04:14,22.2,65,Clouds
2026-06-26 20:49:11,21.83,64,Clouds
2026-06-26 21:54:00,21.99,57,Clouds
2026-06-26 22:56:02,23.69,52,Clouds
2026-06-26 23:53:00,25.11,49,Clouds
2026-06-27 01:47:02,28.72,39,Clouds
2026-06-27 05:39:11,32.81,26,Clouds
2026-06-27 08:13:09,32.03,30,Clouds
2026-06-27 10:21:57,29.41,39,Clouds
2026-06-27 11:48:37,27.42,48,Clouds
2026-06-27 12:57:37,26.72,49,Clouds
2026-06-27 14:23:47,26.01,51,Clouds
2026-06-27 15:42:48,24.79,54,Clouds
2026-06-27 16:44:45,24.41,55,Clouds
2026-06-27 17:44:59,24.43,54,Clouds
2026-06-27 18:50:01,24.26,55,Clouds
2026-06-27 19:58:54,24.01,58,Clouds
2026-06-27 20:58:51,23.79,59,Clouds
2026-06-27 21:59:54,24.14,58,Clouds
2026-06-27 23:02:15,25.01,55,Clouds
2026-06-28 00:08:08,26.7,50,Clouds
2026-06-28 04:46:02,32.01,32,Clear
2026-06-28 08:04:43,29.97,42,Clear
2026-06-28 10:32:18,27.06,44,Clouds
2026-06-28 12:04:01,25.87,48,Clouds
2026-06-28 14:07:15,25.01,49,Clouds
2026-06-28 15:24:55,24.84,49,Clouds
2026-06-28 16:39:46,23.56,55,Clouds
2026-06-28 17:48:07,23.14,58,Clouds
2026-06-28 18:52:46,22.9,60,Clouds
2026-06-28 20:01:41,22.6,61,Clouds
2026-06-28 21:07:06,22.71,61,Clouds
2026-06-28 22:11:26,23.64,56,Clouds
2026-06-28 23:16:08,25.16,50,Clouds
2026-06-29 00:19:17,26.81,45,Clouds
2026-06-29 05:01:37,31.81,31,Clouds
2026-06-29 09:51:06,27.38,43,Clouds
2026-06-29 13:55:28,25.45,50,Clouds
2026-06-29 16:47:59,23.97,57,Clouds
2026-06-29 18:33:42,23.48,59,Clouds
2026-06-29 20:27:18,23.18,62,Clouds
2026-06-29 21:49:42,24,59,Clouds
2026-06-29 22:42:02,25.33,54,Clouds
2026-06-29 23:39:37,26.67,49,Clouds
2026-06-30 01:34:08,28.22,45,Clouds
2026-06-30 05:49:20,31.99,36,Clouds
2026-06-30 08:46:50,29.2,44,Clear
2026-06-30 11:33:15,28.09,47,Clouds
2026-06-30 13:24:01,26.86,50,Clouds
2026-06-30 15:43:51,25.36,52,Clouds
2026-06-30 17:28:39,25.09,53,Rain
2026-06-30 19:16:40,24.91,57,Clouds
2026-06-30 21:05:20,24.47,62,Clouds
2026-06-30 22:20:17,24.31,64,Clouds
2026-06-30 23:38:57,24.92,65,Clouds
2026-07-01 01:54:05,28.73,52,Clouds
2026-07-01 06:12:38,31.65,38,Clouds
2026-07-01 10:10:51,27.87,48,Clouds
2026-07-01 12:45:33,25.17,59,Clouds
2026-07-01 15:29:03,24.44,63,Clouds
2026-07-01 17:27:27,23.69,70,Clouds
2026-07-01 19:15:59,23.13,74,Clouds
2026-07-01 20:53:56,23.01,74,Clouds
2026-07-01 22:09:17,23.67,70,Clouds
2026-07-01 23:39:21,24.64,65,Clouds
2026-07-02 01:34:25,26.46,54,Clouds
2026-07-02 05:37:04,28.26,48,Clouds
2026-07-02 08:30:17,28.18,49,Clouds
2026-07-02 11:06:54,24.86,64,Clouds
2026-07-02 13:03:11,24.15,67,Clear
2026-07-02 15:23:26,23.4,73,Clear
2026-07-02 17:04:06,22.85,77,Clouds
2026-07-02 18:41:19,22.35,82,Clouds
2026-07-02 20:05:37,22.08,85,Clouds
2026-07-02 21:19:10,21.97,86,Clouds
2026-07-02 22:29:00,22.54,84,Clouds
2026-07-02 23:35:29,23.09,81,Clouds
2026-07-03 01:12:17,25.34,68,Clouds
2026-07-03 04:55:01,28.96,51,Clouds
2026-07-03 07:52:13,28.44,53,Clouds
2026-07-03 10:20:43,26.56,57,Clouds
2026-07-03 12:21:08,24.89,62,Clouds
2026-07-03 14:34:24,24.19,66,Clouds
2026-07-03 16:07:58,23.48,72,Clouds
2026-07-03 17:42:40,23.01,78,Clouds
2026-07-03 18:49:18,22.68,79,Clouds
2026-07-03 20:04:33,22.76,79,Clouds
2026-07-03 21:17:27,22.6,81,Clouds
2026-07-03 22:16:23,22.55,81,Clouds
2026-07-03 23:18:47,22.83,80,Clouds
2026-07-04 00:18:04,23.35,77,Clouds
2026-07-04 04:04:00,27.84,61,Clouds
2026-07-04 06:54:19,29.04,54,Clouds
2026-07-04 09:10:58,26.88,62,Clouds
2026-07-04 10:59:16,25.34,70,Clouds
2026-07-04 12:05:18,25.03,71,Clouds
2026-07-04 13:52:48,24.6,71,Clouds
2026-07-04 14:54:29,24.26,73,Clouds
2026-07-04 15:50:27,24.18,74,Clouds
2026-07-04 16:43:55,24.09,74,Clouds
2026-07-04 17:43:23,23.89,76,Clouds
2026-07-04 18:39:55,24.11,74,Clouds
2026-07-04 19:49:36,24.03,74,Clouds
2026-07-04 20:36:53,24.03,74,Clouds
2026-07-04 21:32:46,23.63,78,Clouds
2026-07-04 22:30:43,23.51,80,Clouds
2026-07-04 23:31:15,23.79,79,Clouds
2026-07-05 01:15:56,25.02,75,Clouds
2026-07-05 05:08:11,27.61,68,Clouds
2026-07-05 08:10:36,27.67,69,Clouds
2026-07-05 10:25:22,25.31,84,Clouds
2026-07-05 11:50:32,24.11,90,Clouds
2026-07-05 12:56:25,23.81,90,Clouds
2026-07-05 14:24:47,23.89,90,Clouds
2026-07-05 15:40:34,23.63,91,Clouds
2026-07-05 16:39:33,23.29,93,Clouds
2026-07-05 17:41:28,23.39,93,Clouds
2026-07-05 18:41:40,23.49,93,Clouds
2026-07-05 19:55:08,23.44,93,Clouds
2026-07-05 20:43:24,23.39,93,Clouds
2026-07-05 21:39:55,23.47,93,Clouds
2026-07-05 22:36:37,23.88,90,Clouds
2026-07-05 23:38:50,24.99,84,Clouds
2026-07-06 01:19:25,26.34,78,Rain
2026-07-06 05:38:34,28.46,71,Rain
2026-07-06 09:38:06,27.64,76,Clouds
2026-07-06 13:06:12,25.08,83,Clouds
2026-07-06 16:26:50,24.43,86,Clouds
2026-07-06 18:23:20,24.32,87,Clouds
2026-07-06 20:17:34,24.13,90,Rain
2026-07-06 21:48:20,24.25,90,Rain
2026-07-06 22:48:06,23.62,94,Rain
2026-07-06 23:47:16,23.98,92,Rain
2026-07-07 01:24:21,24.62,90,Clouds
2026-07-07 05:11:10,28.22,71,Clouds
2026-07-07 08:37:12,29.49,67,Clouds
2026-07-07 11:26:16,27.06,84,Clouds
2026-07-07 13:30:35,26.14,86,Clouds
2026-07-07 16:01:25,25.44,88,Clouds
2026-07-07 18:03:03,25.28,85,Clouds
2026-07-07 20:07:13,24.78,76,Rain
2026-07-07 21:37:36,23.41,91,Rain
2026-07-07 22:40:43,23.04,97,Rain
2026-07-07 23:33:34,23.04,97,Rain
2026-07-08 01:02:47,23.37,96,Rain
2026-07-08 04:20:39,24.33,91,Clouds
2026-07-08 06:40:38,26.24,82,Clouds
2026-07-08 09:10:38,25.44,86,Clouds
2026-07-08 11:14:27,24.28,93,Clouds
2026-07-08 12:50:55,24.17,91,Clear
2026-07-08 15:01:39,24.21,92,Clouds
2026-07-08 16:42:28,24.13,93,Rain
2026-07-08 18:05:08,24.01,93,Rain
2026-07-08 19:48:01,23.78,95,Clouds
2026-07-08 20:47:04,23.68,96,Clouds
2026-07-08 21:48:40,23.59,96,Clouds
2026-07-08 22:45:28,23.64,96,Clouds
2026-07-08 23:45:00,24.1,94,Clouds
2026-07-09 01:15:16,25,90,Rain
2026-07-09 05:05:43,27.36,67,Rain
2026-07-09 08:35:52,26.34,72,Clouds
2026-07-09 11:28:49,24.8,80,Rain
2026-07-09 14:03:19,23.26,92,Rain
2026-07-09 16:31:11,22.91,93,Rain
2026-07-09 18:17:40,22.59,95,Clouds
2026-07-09 20:05:15,22.34,97,Clouds
2026-07-09 21:37:28,22.99,94,Clouds
2026-07-09 22:51:44,24.3,89,Clouds
2026-07-09 23:53:50,25.82,82,Clouds
2026-07-10 01:18:29,24.94,88,Clouds
2026-07-10 05:09:48,28.29,71,Rain
2026-07-10 08:35:00,26.08,86,Clouds
2026-07-10 11:27:11,25.12,92,Clouds
2026-07-10 13:22:44,24.46,96,Clouds
2026-07-10 15:41:10,24.66,95,Clouds
2026-07-10 17:24:40,24.46,95,Clouds
2026-07-10 18:53:01,24.1,95,Clouds
2026-07-10 20:08:16,23.8,96,Clouds
2026-07-10 21:16:16,23.89,96,Clouds
2026-07-10 22:16:28,24.54,93,Clouds
2026-07-10 23:13:31,25.79,86,Clouds
2026-07-11 00:08:08,27.26,77,Clouds
2026-07-11 03:35:30,31.72,52,Clouds
2026-07-11 05:58:20,33.19,44,Clouds
2026-07-11 07:47:03,32.27,50,Clouds
2026-07-11 09:10:08,31.82,51,Clouds
2026-07-11 10:31:44,30.96,55,Clouds
2026-07-11 11:30:26,29.73,59,Clouds
2026-07-11 12:28:05,29.05,61,Clouds
2026-07-11 13:59:33,28.07,64,Clouds
2026-07-11 14:51:34,27.62,66,Clouds
2026-07-11 15:39:59,27.17,67,Clouds
2026-07-11 16:30:25,27.19,67,Clouds
2026-07-11 17:29:23,26.8,68,Clouds
2026-07-11 18:25:00,26.14,72,Clouds
2026-07-11 19:36:18,25.76,77,Clouds
2026-07-11 20:25:03,25.75,77,Clouds
2026-07-11 21:10:15,25.78,78,Clouds
2026-07-11 22:03:18,26.71,75,Clouds
2026-07-11 22:57:59,28.42,70,Clouds
2026-07-11 23:48:55,30.95,58,Clouds
2026-07-12 01:13:18,32.11,51,Clear
2026-07-12 04:37:09,34.5,47,Clouds
2026-07-12 07:10:20,34.75,47,Clouds
2026-07-12 09:11:57,33.27,53,Clouds
2026-07-12 10:41:03,31.04,63,Clouds
2026-07-12 11:41:09,30.27,67,Clouds
2026-07-12 12:33:20,30.27,67,Clouds
2026-07-12 14:06:54,29.87,67,Clouds
2026-07-12 15:08:51,29.39,68,Clouds
2026-07-12 16:07:33,28.82,70,Clouds
2026-07-12 17:12:07,28.31,72,Clouds
2026-07-12 18:07:07,28.03,75,Clouds
2026-07-12 19:19:09,27.86,77,Clouds
2026-07-12 20:09:58,27.49,78,Clouds
2026-07-12 21:02:57,27.3,78,Clouds
2026-07-12 21:58:01,28.19,71,Clear
2026-07-12 22:41:00,29.52,64,Clouds
2026-07-12 23:33:20,29.46,64,Clouds
2026-07-13 01:06:49,31.64,55,Clouds
2026-07-13 04:38:06,34.91,44,Clouds
2026-07-13 07:50:29,31.5,54,Clouds
2026-07-13 10:43:52,29.81,63,Clouds
2026-07-13 13:03:28,29.52,66,Clear
2026-07-13 15:46:28,27.35,73,Clouds
2026-07-13 17:42:20,27.65,71,Clouds
2026-07-13 19:02:54,27.47,72,Clouds
2026-07-13 20:19:39,27.17,74,Clouds
2026-07-13 21:14:21,27.09,74,Clouds
2026-07-13 22:08:24,27.72,71,Clouds
2026-07-13 23:07:42,28.49,67,Clouds
2026-07-14 00:01:32,29.45,63,Clouds
2026-07-14 02:47:31,32.66,50,Clouds
2026-07-14 05:16:26,32.89,49,Clouds
2026-07-14 07:20:29,30.58,59,Clouds
2026-07-14 09:19:17,28.63,69,Clouds
2026-07-14 10:57:02,27.71,80,Rain
2026-07-14 12:05:39,26.89,89,Rain
2026-07-14 14:06:21,25.89,93,Rain
2026-07-14 15:38:21,25.21,93,Rain
2026-07-14 16:47:57,24.67,93,Rain
2026-07-14 17:48:58,24.65,94,Rain
2026-07-14 18:48:40,24.24,95,Rain
2026-07-14 19:57:54,24.29,96,Rain
2026-07-14 20:53:39,24.22,96,Clouds
2026-07-14 21:42:06,24.31,95,Clouds
2026-07-14 22:37:33,24.43,93,Clouds
2026-07-14 23:28:02,24.54,93,Clouds
2026-07-15 00:12:03,22.88,94,Clouds
2026-07-15 03:29:48,26.68,76,Clouds
2026-07-15 05:51:49,28.4,63,Clouds
2026-07-15 07:43:14,27.98,63,Clouds
2026-07-15 09:32:41,27.48,64,Clouds
2026-07-15 11:10:47,25.96,69,Clouds
2026-07-15 12:39:47,25.1,74,Clouds
2026-07-15 14:23:53,24.81,76,Clouds
2026-07-15 15:55:59,23.66,82,Clouds
2026-07-15 17:02:42,23.6,84,Clouds
2026-07-15 18:13:03,23.32,86,Clouds
2026-07-15 19:34:34,23.12,88,Clear
2026-07-15 20:36:17,23.14,87,Clear
2026-07-15 21:32:31,22.9,86,Clear
2026-07-15 22:31:44,23.92,80,Clear
2026-07-15 23:30:21,25.49,74,Clouds
2026-07-16 00:56:03,29.01,59,Clouds
2026-07-16 03:54:12,31.63,46,Clouds
2026-07-16 06:07:05,31.99,45,Clouds
2026-07-16 08:28:13,28.8,57,Clouds
2026-07-16 10:24:01,28.49,58,Clouds
2026-07-16 11:56:12,27.23,66,Clouds
2026-07-16 13:16:52,26.52,68,Clouds
2026-07-16 15:13:42,25.17,73,Clouds
2026-07-16 16:40:19,24.74,77,Clouds
2026-07-16 17:49:04,24.54,78,Clouds
2026-07-16 18:48:02,24.48,75,Clouds
2026-07-16 19:47:11,24.18,77,Clouds
2026-07-16 20:35:08,24.3,77,Clouds
2026-07-16 21:37:54,25.07,74,Clouds
2026-07-16 22:33:08,25.13,74,Clouds
2026-07-16 23:27:56,26.48,69,Clouds
2026-07-17 00:57:30,29.38,58,Clouds
2026-07-17 03:55:17,34.21,39,Clouds
2026-07-17 06:06:42,33.8,39,Clouds
2026-07-17 08:23:47,30.15,55,Rain
2026-07-17 10:13:45,28.74,63,Clouds
2026-07-17 11:39:10,28.03,69,Clouds
2026-07-17 12:45:46,26.79,80,Clouds
2026-07-17 14:16:21,26.06,83,Rain
2026-07-17 15:41:03,24.89,91,Rain
2026-07-17 16:43:52,24.7,93,Rain
2026-07-17 17:44:41,24.17,95,Rain
2026-07-17 18:40:06,23.14,96,Rain
2026-07-17 19:43:13,21.72,95,Rain
2026-07-17 20:31:20,21.74,94,Rain
2026-07-17 21:21:17,21.11,92,Rain
2026-07-17 22:08:57,20.54,95,Rain
2026-07-17 23:02:30,20.13,95,Rain
2026-07-17 23:56:51,20.75,94,Rain
2026-07-18 01:42:02,21.9,89,Rain
2026-07-18 04:32:00,21.87,91,Clouds
2026-07-18 06:28:34,23.31,87,Clouds
2026-07-18 08:16:35,24.25,82,Clouds
2026-07-18 09:45:15,24.2,84,Clouds
2026-07-18 10:48:47,23.7,85,Clouds
2026-07-18 11:38:08,23.87,86,Clouds
2026-07-18 12:32:17,24.97,87,Rain
2026-07-18 13:58:06,24.78,85,Clouds
2026-07-18 14:45:49,24.7,85,Clouds
2026-07-18 15:37:41,24.63,87,Clouds
2026-07-18 16:31:45,24.62,86,Clouds
2026-07-18 17:31:18,24.09,84,Clouds
2026-07-18 18:27:36,24.03,86,Clouds
2026-07-18 19:39:14,23.84,87,Clouds
2026-07-18 20:24:42,23.93,86,Clouds
2026-07-18 21:09:03,23.92,86,Clouds
2026-07-18 22:02:14,23.81,86,Clouds
2026-07-18 22:55:39,24.23,85,Clouds
2026-07-18 23:39:44,24.69,83,Clouds
2026-07-19 01:07:34,26.85,70,Clouds
2026-07-19 04:29:57,29.04,53,Clouds
2026-07-19 07:04:24,29.55,55,Clouds
2026-07-19 09:10:11,28.15,61,Clouds
2026-07-19 10:41:12,26.54,71,Clouds
2026-07-19 11:40:24,26.55,71,Clouds
2026-07-19 12:32:34,26.29,73,Clouds
2026-07-19 14:03:34,26.11,74,Clouds
2026-07-19 15:04:36,25.39,74,Clouds
2026-07-19 16:02:51,25.2,75,Clouds
2026-07-19 17:06:17,25.12,77,Clouds
2026-07-19 18:03:30,25,78,Clouds
2026-07-19 19:17:34,24.92,76,Rain
2026-07-19 20:11:27,24.88,77,Clouds
2026-07-19 21:04:33,24.95,77,Clouds
2026-07-19 22:00:34,24.86,81,Rain
2026-07-19 22:53:34,25.08,81,Rain
2026-07-19 23:42:03,24.59,87,Rain
2026-07-20 03:07:50,24.46,90,Rain
2026-07-20 04:49:28,23.56,90,Rain
2026-07-20 07:46:40,25.17,84,Clouds
2026-07-20 10:30:12,25.31,89,Rain
2026-07-20 12:31:10,25.03,94,Clouds
2026-07-20 14:38:41,25.49,95,Rain
2026-07-20 16:11:13,25.51,94,Clouds
2026-07-20 18:16:06,25.7,93,Clouds
2026-07-20 19:56:34,25.6,92,Clouds
2026-07-20 21:00:35,25.57,91,Clouds
2026-07-20 21:59:57,25.59,91,Rain
2026-07-20 22:59:31,25.7,92,Rain
2026-07-20 23:54:39,25.61,93,Rain
2026-07-21 01:13:16,25.94,92,Rain
2026-07-21 04:30:08,26.11,90,Rain
2026-07-21 07:06:58,26.29,92,Clouds
2026-07-21 09:33:56,26.05,93,Rain
2026-07-21 11:25:19,25.62,94,Clouds
2026-07-21 12:48:27,25.39,96,Clouds
2026-07-21 14:49:01,25.04,95,Clouds
2026-07-21 16:07:49,25.09,95,Clouds
2026-07-21 17:39:53,24.97,95,Clouds
2026-07-21 18:52:00,24.83,95,Clouds
2026-07-21 20:07:46,24.66,95,Clouds
2026-07-21 21:22:14,24.82,94,Clouds
2026-07-21 22:14:23,25.24,91,Clouds
2026-07-21 23:10:30,25.6,89,Clouds
2026-07-22 00:03:05,26.07,91,Clouds
2026-07-22 03:31:41,28.31,79,Rain
2026-07-22 06:10:21,29.77,74,Clouds
2026-07-22 08:41:33,27.47,85,Rain
2026-07-22 10:49:14,26.44,90,Clouds
2026-07-22 12:15:23,26.1,90,Clouds
2026-07-22 14:21:54,25.98,90,Clouds
2026-07-22 15:53:50,25.35,93,Clouds
2026-07-22 17:03:10,25.34,93,Rain
2026-07-22 18:14:47,24.99,94,Clouds
2026-07-22 19:42:27,25.25,93,Rain
2026-07-22 20:43:01,25.04,93,Clouds
2026-07-22 21:42:45,25.23,93,Rain
2026-07-22 22:39:06,25.35,93,Clouds
2026-07-22 23:35:30,25.93,90,Rain
2026-07-23 01:05:27,28.27,78,Clouds
2026-07-23 04:24:06,26.73,86,Clouds
2026-07-23 06:43:19,27.75,83,Clouds
2026-07-23 09:13:08,27.35,85,Rain
2026-07-23 11:19:23,25.87,92,Clouds
2026-07-23 12:50:26,25.61,95,Clouds
2026-07-23 14:54:30,25.42,95,Clouds
2026-07-23 16:16:08,25.34,94,Clouds
2026-07-23 17:46:15,25.17,95,Clouds
2026-07-23 18:49:38,25.18,94,Clouds
2026-07-23 20:01:55,25.11,94,Clouds
2026-07-23 21:09:23,25.19,93,Clouds
2026-07-23 22:11:22,25.79,90,Clouds
2026-07-23 23:09:12,26.4,87,Clouds
2026-07-24 00:07:50,27.28,81,Clouds
2026-07-24 03:36:24,31.28,55,Clouds
2026-07-24 06:10:41,31.42,55,Clouds
2026-07-24 08:39:17,30.1,61,Clouds
2026-07-24 10:35:35,28.27,73,Clouds
2026-07-24 12:03:54,27.89,77,Clouds
2026-07-24 14:02:56,27.42,81,Clouds
2026-07-24 15:35:01,26.79,85,Clouds
2026-07-24 17:07:52,26.57,85,Clouds
2026-07-24 18:40:53,26.35,85,Clouds
2026-07-24 19:59:46,26.26,86,Clouds
2026-07-24 21:02:01,26.12,86,Clouds
2026-07-24 22:09:22,26.71,82,Clouds
2026-07-24 23:13:24,27.58,76,Clouds
2026-07-25 00:13:48,28.45,71,Clouds
2026-07-25 03:34:57,30.98,55,Clouds
2026-07-25 06:02:07,31.17,55,Clouds
2026-07-25 08:13:42,29.41,66,Clouds
2026-07-25 09:58:59,28.44,73,Clouds
2026-07-25 11:06:01,27.98,78,Clouds
2026-07-25 12:06:52,27.75,79,Clouds
2026-07-25 13:56:28,27.12,85,Clouds
2026-07-25 14:53:46,26.7,87,Clouds
2026-07-25 15:51:32,26.47,89,Clouds
2026-07-25 16:38:25,26.27,90,Clouds
2026-07-25 17:36:35,25.87,93,Clouds
2026-07-25 18:31:58,25.39,94,Clouds
2026-07-25 19:44:34,25.68,92,Clouds
2026-07-25 20:31:32,25.71,91,Clouds
2026-07-25 21:25:26,25.26,92,Clouds
2026-07-25 22:14:17,25.61,91,Rain
2026-07-25 23:11:19,26.61,86,Clouds
2026-07-26 00:10:25,27.65,81,Clouds
2026-07-26 03:50:49,31.22,56,Clouds
2026-07-26 06:24:48,31.91,53,Clouds
2026-07-26 08:41:17,30.78,61,Clear
2026-07-26 10:21:38,29.58,67,Clear
2026-07-26 11:38:41,28.19,78,Clear
2026-07-26 12:41:38,27.76,82,Clear
2026-07-26 14:12:22,27.68,82,Clear
2026-07-26 15:18:39,27.33,85,Clouds
2026-07-26 16:15:25,27.08,87,Clouds
2026-07-26 17:15:16,26.87,90,Clouds
2026-07-26 18:11:14,26.84,91,Clouds
2026-07-26 19:31:41,26.68,90,Clear
2026-07-26 20:29:36,26.36,91,Clouds
2026-07-26 21:25:47,26.19,92,Clouds
2026-07-26 22:26:26,26.56,90,Clouds
2026-07-26 23:25:34,26.88,88,Clouds
2026-07-27 01:03:34,28.64,74,Clouds
2026-07-27 04:44:18,31.8,53,Clouds
2026-07-27 08:06:10,29.33,66,Clouds
2026-07-27 11:34:54,27.53,82,Clouds
2026-07-27 13:54:49,26.75,91,Clouds
2026-07-27 16:04:57,26.43,93,Clouds
2026-07-27 17:49:27,26.11,95,Clouds
2026-07-27 19:02:04,26.59,94,Clouds
2026-07-27 20:25:02,26.49,93,Clouds
2026-07-27 21:33:14,26.42,93,Clouds
2026-07-27 22:35:00,26.51,92,Clouds
2026-07-27 23:37:58,27.16,88,Clouds
2026-07-28 00:59:49,28.29,78,Clouds
2026-07-28 04:07:36,31.44,58,Clouds
2026-07-28 06:36:12,31.42,58,Clouds
2026-07-28 09:19:57,28.88,72,Clouds
2026-07-28 11:29:43,28.13,78,Clouds
2026-07-28 13:08:58,27.55,81,Clouds
2026-07-28 15:29:02,27.19,81,Clouds
2026-07-28 16:57:24,26.46,84,Clouds
2026-07-28 18:06:56,26.17,86,Clouds
2026-07-28 19:47:07,25.8,88,Clouds
2026-07-28 20:48:37,25.78,88,Clouds
2026-07-28 21:47:36,26.57,82,Clouds
2026-07-28 22:42:47,27.59,74,Clouds
2026-07-28 23:38:07,27.61,73,Clouds
2026-07-29 01:03:45,29.72,59,Clouds
2026-07-29 04:19:02,31.26,52,Clouds
2026-07-29 06:46:55,30.52,54,Clouds
2026-07-29 09:28:57,29.16,61,Clouds
2026-07-29 11:38:46,27.46,72,Clouds
2026-07-29 13:19:26,26.92,78,Clouds
2026-07-29 15:33:20,26.41,82,Clouds
2026-07-29 16:40:30,25.83,87,Clouds
2026-07-29 17:52:02,25.57,88,Clouds
2026-07-29 18:43:38,25.5,90,Clear
2026-07-29 19:59:35,25.23,91,Clear
2026-07-29 20:53:40,25.1,91,Clear
2026-07-29 21:41:33,25.85,86,Clear
2026-07-29 22:36:28,27.09,77,Clear
2026-07-29 23:36:06,27.11,76,Clear
2026-07-30 00:57:34,29.35,60,Clear
2026-07-30 03:51:18,31.78,50,Clouds
2026-07-30 06:13:24,32,50,Clouds
2026-07-30 08:47:38,30.03,58,Clouds
2026-07-30 10:52:07,28.17,69,Clouds
2026-07-30 12:17:35,27.74,72,Clouds
2026-07-30 14:33:43,27.34,77,Clouds
2026-07-30 16:08:05,26.75,81,Clouds
2026-07-30 17:43:43,26.47,83,Clouds
2026-07-30 18:59:36,26.14,84,Clear
2026-07-30 20:13:01,25.9,85,Clouds
2026-07-30 21:20:50,25.86,84,Clouds
2026-07-30 22:29:51,26.67,79,Clouds
2026-07-30 23:32:21,27.8,72,Clouds
2026-07-31 01:06:28,30.34,59,Clouds
2026-07-31 04:32:10,32.45,53,Clouds
2026-07-31 07:22:56,32,60,Clouds
2026-07-31 10:00:46,29.75,76,Clouds
2026-07-31 12:00:42,28.78,84,Clouds
2026-07-31 14:08:54,28.52,84,Clouds
2026-07-31 16:08:03,27.85,88,Clouds
2026-07-31 17:48:36,27.41,90,Clouds
2026-07-31 18:58:29,27.51,92,Clouds
2026-07-31 20:15:58,27.35,91,Clouds
2026-07-31 21:29:17,27.33,91,Clouds
2026-07-31 22:31:44,27.83,87,Clouds
2026-07-31 23:30:52,28.17,84,Clouds
2026-08-01 01:03:07,28.63,82,Clouds
2026-08-01 04:26:26,32.96,54,Clouds
2026-08-01 06:45:58,32.47,56,Clouds
2026-08-01 08:55:53,30.87,64,Clouds
2026-08-01 10:24:24,30.08,68,Clouds
2026-08-01 11:37:33,29.33,74,Clouds
2026-08-01 12:35:00,28.6,80,Clouds
2026-08-01 14:07:48,28.45,81,Clouds
2026-08-01 15:12:26,28.09,83,Clouds
2026-08-01 16:11:26,27.86,84,Clouds
2026-08-01 17:11:34,27.5,86,Clouds
2026-08-01 18:08:51,27.21,88,Clear
2026-08-01 19:23:19,27.07,88,Clouds
2026-08-01 20:15:41,26.86,89,Clouds
2026-08-01 21:09:06,26.76,89,Clouds
2026-08-01 22:07:15,27.46,85,Clouds
2026-08-01 23:04:32,28.6,77,Clouds
2026-08-02 00:04:29,30.12,67,Clouds
2026-08-02 03:41:34,33.73,45,Clouds
2026-08-02 06:19:36,34.03,45,Clouds
2026-08-02 08:38:27,32.49,51,Clear
2026-08-02 10:17:02,30.36,61,Clear
2026-08-02 11:34:45,29.22,68,Clear
2026-08-02 12:36:54,28.97,71,Clear
2026-08-02 14:10:28,28.68,72,Clear
2026-08-02 15:15:43,28.44,74,Clear
2026-08-02 16:12:27,28.22,75,Clear
2026-08-02 17:12:28,27.97,77,Clear
2026-08-02 18:09:07,27.63,79,Clear
2026-08-02 19:27:01,27.51,79,Clear
2026-08-02 20:25:43,27.3,80,Clear
2026-08-02 21:13:54,27.23,81,Clouds
2026-08-02 22:09:08,27.84,78,Clouds
2026-08-02 23:06:56,29.07,72,Clouds
2026-08-03 00:07:04,30.47,66,Clouds
2026-08-03 03:47:46,35.66,43,Clouds
2026-08-03 06:47:06,35.93,44,Clear
2026-08-03 10:26:58,33.65,55,Clear
2026-08-03 13:22:21,31.68,66,Clouds
2026-08-03 15:57:40,30.76,71,Clouds
2026-08-03 17:44:59,29.93,74,Clouds
2026-08-03 19:10:01,29.71,78,Clouds
2026-08-03 20:36:59,29.35,80,Clouds
2026-08-03 21:44:07,29.43,78,Clouds
2026-08-03 22:40:15,30.47,72,Clouds
2026-08-03 23:43:17,31.76,65,Clouds
2026-08-04 01:05:03,32.64,61,Clouds
2026-08-04 04:20:09,35.52,43,Clouds
2026-08-04 06:43:37,33.59,58,Clouds
2026-08-04 09:28:11,35.27,49,Clouds
2026-08-04 11:37:12,32.19,64,Clouds
2026-08-04 13:19:13,31.71,67,Clouds
2026-08-04 15:38:32,29.4,83,Rain
2026-08-04 17:15:09,28.82,86,Rain
2026-08-04 18:51:52,27.78,90,Clouds
2026-08-04 20:13:37,27.54,91,Clouds
2026-08-04 21:34:10,27.41,91,Clouds
2026-08-04 22:38:01,28.92,79,Clouds
2026-08-04 23:36:53,30.76,72,Clouds
2026-08-05 00:57:45,32.59,65,Clouds
2026-08-05 03:54:44,37.07,44,Clouds
2026-08-05 06:15:21,36.31,45,Clouds
2026-08-05 09:04:47,35.25,48,Clouds
2026-08-05 11:26:15,32.61,62,Clouds
2026-08-05 13:07:53,31.63,67,Clear
2026-08-05 15:24:00,31.01,70,Clear
2026-08-05 16:55:43,30.14,73,Clear
2026-08-05 18:13:31,29.62,74,Clear
2026-08-05 19:52:33,28.85,76,Clear
2026-08-05 20:48:09,28.59,76,Clear
2026-08-05 21:57:42,29.22,73,Clear
2026-08-05 22:51:34,30.38,68,Clear
2026-08-05 23:42:03,31.89,62,Clear
2026-08-06 01:02:14,33.58,53,Clear
2026-08-06 04:17:49,37.8,32,Clear
2026-08-06 06:47:32,38.25,31,Clear
2026-08-06 09:30:34,35.58,46,Clear
2026-08-06 11:40:21,32.69,58,Clear
2026-08-06 13:14:51,32.13,61,Clear
2026-08-06 15:27:01,31.29,65,Clear
2026-08-07 00:26:41,32.34,61,Clear
2026-08-07 03:23:42,37.29,42,Clear
2026-08-07 05:07:49,38.86,35,Clear
2026-08-07 06:14:14,38.82,34,Clear
2026-08-07 07:39:48,37.13,38,Clouds
2026-08-07 08:36:49,37.13,38,Clouds
2026-08-07 09:35:10,35.66,39,Clear
2026-08-07 10:28:14,35.66,39,Clear
2026-08-07 11:13:54,34.48,43,Clouds
2026-08-07 11:56:10,33.8,47,Clouds
2026-08-07 12:36:48,32.96,52,Clear
2026-08-07 13:53:44,32.45,52,Clear
2026-08-07 14:42:01,32.01,55,Clouds
2026-08-07 15:33:15,31.52,57,Clouds
2026-08-07 16:26:07,31.52,57,Clouds
2026-08-07 17:13:08,30.99,58,Clouds
2026-08-07 18:00:20,30.61,59,Clouds
2026-08-07 18:56:33,29.9,63,Clear
2026-08-07 19:43:30,29.38,64,Clear
2026-08-07 20:21:18,29.38,64,Clear
2026-08-07 21:03:06,27.5,74,Clear
2026-08-07 21:48:05,27.04,80,Clear
2026-08-07 22:18:36,27.04,80,Clear
2026-08-07 22:56:18,28.12,74,Clear
2026-08-07 23:23:49,28.12,74,Clear
2026-08-07 23:52:23,29.87,66,Clear
2026-08-08 00:34:37,32.29,53,Clear
2026-08-08 02:29:53,33.97,47,Clear
2026-08-08 03:49:51,35.61,40,Clear
2026-08-08 04:40:58,35.82,39,Clear
2026-08-08 05:23:39,35.82,39,Clear
2026-08-08 06:00:15,33.87,47,Clouds
2026-08-08 06:52:33,32.84,49,Clouds
2026-08-08 07:36:30,30.44,56,Clouds
2026-08-08 08:08:45,30.44,56,Clouds
2026-08-08 08:54:36,28.8,67,Clouds
2026-08-08 09:23:01,28.8,67,Clouds
2026-08-08 09:58:10,27.38,69,Clouds
2026-08-08 10:25:30,27.38,69,Clouds
2026-08-08 10:56:21,25.94,71,Clouds
2026-08-08 11:19:24,25.94,71,Clouds
2026-08-08 11:46:35,25.27,72,Clouds
2026-08-08 12:02:31,25.27,72,Clouds
2026-08-08 13:01:38,26.09,60,Clouds
2026-08-08 13:48:53,25.34,62,Clouds
2026-08-08 14:17:49,25.34,62,Clouds
2026-08-08 14:50:49,24.61,65,Clouds
2026-08-08 15:13:12,24.61,65,Clouds
2026-08-08 15:43:34,24.24,65,Clouds
2026-08-08 16:01:54,24.24,65,Clouds
2026-08-08 16:38:44,23.95,65,Clouds
2026-08-08 17:05:31,23.95,65,Clouds
2026-08-08 17:39:08,23.95,65,Clouds
2026-08-08 18:00:38,23.4,68,Clouds
2026-08-08 18:38:02,22.97,70,Clouds
2026-08-08 19:10:37,22.97,70,Clouds
2026-08-08 19:41:16,22.15,75,Clouds
2026-08-08 20:00:01,22.15,75,Clouds
2026-08-08 20:28:12,22.15,75,Clouds
2026-08-08 20:56:50,22.12,75,Clouds
2026-08-08 21:20:37,22.12,75,Clouds
2026-08-08 21:49:01,22.54,71,Clouds
2026-08-08 22:10:12,22.54,71,Clouds
2026-08-08 22:43:31,23.89,65,Clouds
2026-08-08 23:03:17,23.89,65,Clouds
2026-08-08 23:36:00,23.89,65,Clouds
2026-08-08 23:57:33,26.26,57,Clouds
2026-08-09 01:09:03,27.8,53,Clouds
2026-08-09 03:06:36,30.33,49,Clouds
2026-08-09 04:24:43,31.16,48,Clouds
2026-08-09 05:26:34,31.53,48,Clouds
2026-08-09 06:05:11,31.65,47,Clouds
2026-08-09 07:08:36,29.25,55,Clouds
2026-08-09 07:57:13,28.06,59,Clouds
2026-08-09 08:32:05,28.06,59,Clouds
2026-08-09 09:12:31,27.53,61,Clouds
2026-08-09 09:53:49,26.97,63,Clouds
2026-08-09 10:17:49,26.97,63,Clouds
2026-08-09 10:53:35,26.21,65,Clouds
2026-08-09 11:15:41,26.21,65,Clouds
2026-08-09 11:45:16,25.78,66,Clouds
2026-08-09 12:02:49,25.78,66,Clouds
2026-08-09 13:05:41,25.37,66,Clouds
2026-08-09 13:54:15,25.12,67,Clouds
2026-08-09 14:20:42,25.12,67,Clouds
2026-08-09 14:55:14,24.94,67,Clouds
2026-08-09 15:17:55,24.94,67,Clouds
2026-08-09 15:48:26,24.79,67,Clouds
2026-08-09 16:12:39,24.79,67,Clouds
2026-08-09 16:51:52,24.46,68,Clouds
2026-08-09 17:16:45,24.46,68,Clouds
2026-08-09 17:47:51,24.14,69,Clouds
2026-08-09 18:15:22,24.1,68,Clouds
2026-08-09 19:00:28,23.76,69,Clouds
2026-08-09 19:33:00,23.76,69,Clouds
2026-08-09 19:59:12,23.42,70,Clouds
2026-08-09 20:28:42,23.42,70,Clouds
2026-08-09 21:01:10,23.13,71,Clouds
2026-08-09 21:34:47,23.13,71,Clouds
2026-08-09 22:00:18,23.57,69,Clouds
2026-08-09 22:31:19,23.57,69,Clouds
2026-08-09 23:00:04,25,64,Clouds
2026-08-09 23:30:17,25.08,64,Clouds
2026-08-09 23:58:21,26.63,60,Clouds
2026-08-10 01:20:06,28.21,54,Clouds
2026-08-10 03:19:19,30.67,48,Clouds
2026-08-10 04:57:22,32.88,42,Clouds
2026-08-10 06:06:55,33.5,41,Clouds
2026-08-10 07:58:47,33.15,42,Clouds
2026-08-10 09:15:08,32.28,44,Clouds
2026-08-10 10:35:40,30.38,53,Clouds
2026-08-10 11:31:28,30.38,53,Clouds
2026-08-10 12:08:40,29.82,56,Clouds
2026-08-10 13:37:20,28.01,62,Clouds
2026-08-10 14:39:21,28,62,Clouds
2026-08-10 15:33:15,27.43,62,Clouds
2026-08-10 16:24:49,27.03,64,Clouds
2026-08-10 17:14:05,26.41,65,Clouds
2026-08-10 18:02:15,25.35,67,Clouds
2026-08-10 19:03:49,24.8,68,Clouds
2026-08-10 19:56:41,24.23,70,Clouds
2026-08-10 20:30:48,24.23,70,Clouds
2026-08-10 21:12:55,23.65,71,Clouds
2026-08-10 21:56:00,23.67,70,Clouds
2026-08-10 22:24:27,23.67,70,Clouds
2026-08-10 23:00:52,24.67,64,Clouds
2026-08-10 23:36:26,24.67,64,Clouds
2026-08-11 00:02:51,25.93,58,Clouds
2026-08-11 02:15:53,28.7,48,Clouds
2026-08-11 03:54:39,31.32,39,Clouds
2026-08-11 04:55:07,32.13,38,Clouds
2026-08-11 05:43:38,33.15,37,Clouds
2026-08-11 06:34:21,33.15,37,Clouds
2026-08-11 07:47:27,33.07,36,Clouds
2026-08-11 08:38:01,31.56,42,Clouds
2026-08-11 09:36:01,31.56,42,Clouds
2026-08-11 10:27:31,29.68,48,Clouds
2026-08-11 11:11:52,28.38,51,Clouds
2026-08-11 11:53:45,27.24,54,Clouds
2026-08-11 12:31:32,27.24,54,Clouds
2026-08-11 13:55:21,25.15,58,Clear
2026-08-11 14:47:11,24.34,59,Clear
2026-08-11 15:41:14,23.6,61,Clear
2026-08-11 16:31:11,23.6,61,Clear
2026-08-11 17:28:04,22.94,63,Clear
2026-08-11 18:13:42,22.3,64,Clear
2026-08-11 19:18:00,21.81,65,Clear
2026-08-11 20:05:26,21.38,67,Clear
2026-08-11 20:56:52,21.08,68,Clear
2026-08-11 21:35:53,21.56,65,Clear
2026-08-11 22:21:03,21.56,65,Clear
2026-08-11 23:07:02,22.96,57,Clear
2026-08-11 23:52:51,24.45,49,Clear
2026-08-12 00:44:15,25.99,45,Clear
2026-08-12 03:09:58,29,40,Clear
2026-08-12 04:57:08,31.48,36,Clear
2026-08-12 06:07:01,32.18,36,Clear
2026-08-12 07:46:07,31.9,39,Clouds
2026-08-12 08:51:34,30.78,42,Clouds
2026-08-12 09:48:27,29.76,51,Clear
2026-08-12 10:43:43,28.76,54,Clear
2026-08-12 11:28:25,26.67,60,Clouds
2026-08-12 12:06:48,26.16,60,Clouds
2026-08-12 13:37:36,25.76,65,Clouds
2026-08-12 14:39:03,24.34,70,Clouds
2026-08-12 15:32:20,24.03,76,Clouds
2026-08-12 16:26:40,23.78,69,Clouds
2026-08-12 17:25:01,22.76,78,Clouds
2026-08-12 18:11:57,22.76,78,Clouds
2026-08-12 19:22:18,22.86,75,Clouds
2026-08-12 20:05:14,22.78,68,Clouds
2026-08-12 20:55:50,22.27,76,Clouds
2026-08-12 21:32:41,20.76,100,Clouds
2026-08-12 22:19:19,20.76,100,Clouds
2026-08-12 23:03:48,23.75,75,Clouds
2026-08-12 23:51:20,24.76,69,Clouds
2026-08-13 00:45:05,25.76,69,Clouds
2026-08-13 03:13:41,30.76,51,Clouds
2026-08-13 05:02:31,30.6,52,Clouds
2026-08-13 06:21:01,31.76,51,Clouds
2026-08-13 07:56:58,30.78,45,Clouds
2026-08-13 09:03:14,31.76,51,Clouds
2026-08-13 10:16:15,28.92,57,Clouds
2026-08-13 11:11:01,27.69,64,Clouds
2026-08-13 11:56:24,28.78,58,Clouds
2026-08-13 12:43:41,26.76,74,Clouds
2026-08-13 14:06:51,23.76,94,Clouds
2026-08-13 15:08:35,24.75,80,Clouds
2026-08-13 16:06:11,23.76,94,Clouds
2026-08-13 17:06:01,23.76,94,Clouds
2026-08-13 18:02:06,23.76,94,Clouds
2026-08-13 19:08:07,23.76,94,Clouds
2026-08-13 19:57:54,23.55,70,Clouds
2026-08-13 20:34:48,23.7,69,Clouds
2026-08-13 21:24:44,23.28,76,Clouds
2026-08-13 22:06:47,23.78,83,Clouds
2026-08-13 22:55:24,24.76,88,Clouds
2026-08-13 23:28:12,25.76,83,Clouds
2026-08-14 00:05:58,25.76,83,Clouds
2026-08-14 02:37:08,30.76,58,Clouds
2026-08-14 04:24:45,31.76,51,Clouds
2026-08-14 05:50:08,30.76,58,Clouds
2026-08-14 06:59:47,29.76,62,Clouds
2026-08-14 08:14:10,30.76,62,Clouds
2026-08-14 09:19:19,30.76,58,Clouds
2026-08-14 10:25:39,28.76,74,Clouds
2026-08-14 11:12:06,27.76,78,Clouds
2026-08-14 11:54:44,27.76,78,Clouds
2026-08-14 12:31:40,27.76,83,Clouds
2026-08-14 13:54:02,26.76,94,Clouds
2026-08-14 14:42:23,26.76,83,Clouds
2026-08-14 15:29:21,27.76,78,Clouds
2026-08-14 16:21:53,27.76,78,Clouds
2026-08-14 17:15:17,27.76,78,Clouds
2026-08-14 18:06:05,27.76,78,Clouds
2026-08-14 19:06:47,26.76,78,Clouds
2026-08-14 19:51:40,26.76,78,Clouds
2026-08-14 20:16:38,26.76,78,Clouds
2026-08-14 20:45:52,26.76,78,Clouds
2026-08-14 21:02:26,26.76,78,Clouds
2026-08-14 21:29:47,25.76,94,Clouds
2026-08-14 21:49:09,25.76,94,Clouds
2026-08-14 22:00:50,25.76,94,Clouds
2026-08-14 22:24:05,26.76,89,Clouds
2026-08-14 22:44:13,26.76,89,Rain
2026-08-14 22:59:00,26.76,89,Rain
2026-08-14 23:17:55,26.76,83,Rain
2026-08-14 23:40:16,26.76,83,Rain
2026-08-14 23:56:25,26.76,83,Rain
2026-08-15 00:38:55,26.76,83,Clouds
2026-08-15 02:02:03,28.76,79,Clouds
2026-08-15 02:56:12,27.76,78,Clouds
2026-08-15 03:26:46,27.76,89,Clouds
2026-08-15 04:00:22,25.76,100,Clouds
2026-08-15 04:30:56,25.76,100,Clouds
2026-08-15 04:56:51,25.76,100,Clouds
2026-08-15 05:16:50,26.76,100,Clouds
2026-08-15 05:42:08,26.76,100,Clouds
2026-08-15 05:58:34,25.76,100,Clouds
2026-08-15 06:30:12,22.76,100,Clouds
2026-08-15 07:06:06,22.76,100,Clouds
2026-08-15 07:37:32,22.76,100,Clouds
2026-08-15 07:55:54,22.76,100,Clouds
2026-08-15 08:13:25,22.76,100,Clouds
2026-08-15 08:43:30,22.76,100,Clouds
2026-08-15 09:01:39,22.76,100,Clouds
2026-08-15 09:28:02,23.76,100,Clouds
2026-08-15 09:47:39,23.76,100,Clouds
2026-08-15 09:59:54,23.76,100,Clouds
2026-08-15 10:21:01,23.76,100,Clouds
2026-08-15 10:42:50,23.76,100,Clouds
2026-08-15 10:57:13,23.76,100,Clouds
2026-08-15 11:11:45,23.76,100,Clouds
2026-08-15 11:31:46,23.76,100,Clouds
2026-08-15 11:46:13,23.76,100,Clouds
2026-08-15 11:56:45,23.76,100,Clouds
2026-08-15 12:18:20,23.76,100,Clouds
2026-08-15 13:00:36,23.76,100,Clouds
2026-08-15 13:30:49,23.76,100,Clouds
2026-08-15 13:51:55,23.76,100,Clouds
2026-08-15 14:02:55,23.76,100,Clouds
2026-08-15 14:29:53,23.76,100,Clouds
2026-08-15 14:48:03,23.76,100,Clouds
2026-08-15 15:00:20,23.76,100,Clouds
2026-08-15 15:19:56,23.76,100,Clouds
2026-08-15 15:38:27,23.76,100,Clouds
2026-08-15 15:52:32,23.76,100,Clouds
2026-08-15 16:00:58,23.76,100,Clouds
2026-08-15 16:26:16,23.76,100,Clouds
2026-08-15 16:46:29,23.76,100,Clouds
2026-08-15 17:00:38,23.76,100,Clouds
2026-08-15 17:20:15,23.76,100,Clouds
2026-08-15 17:39:16,23.76,100,Rain
2026-08-15 17:53:20,23.76,100,Rain
2026-08-15 18:00:16,23.76,100,Rain
2026-08-15 18:29:21,23.76,100,Rain
2026-08-15 18:55:44,23.76,100,Rain
2026-08-15 19:12:34,23.72,99,Rain
2026-08-15 19:32:01,23.76,100,Rain
2026-08-15 19:46:19,22.76,100,Rain
2026-08-15 19:56:57,22.76,100,Rain
2026-08-15 20:11:50,22.76,100,Rain
2026-08-15 20:35:45,22.76,100,Rain
2026-08-15 20:52:44,22.76,100,Rain
2026-08-15 21:03:48,22.76,100,Clouds
2026-08-15 21:27:49,22.76,100,Rain
2026-08-15 21:42:27,22.76,100,Rain
2026-08-15 21:54:41,22.76,100,Rain
2026-08-15 22:01:58,22.76,100,Rain
2026-08-15 22:26:20,23.76,94,Clouds
2026-08-15 22:43:39,23.76,94,Rain
2026-08-15 22:57:33,23.76,94,Rain
2026-08-15 23:12:42,23.76,100,Clouds
2026-08-15 23:32:46,23.76,100,Clouds
2026-08-15 23:47:33,23.76,100,Clouds
2026-08-15 23:58:02,23.76,100,Clouds
2026-08-16 00:57:06,24.76,100,Clouds
2026-08-16 02:16:29,24.76,100,Clouds
2026-08-16 03:13:09,23.76,100,Rain
2026-08-16 03:57:25,23.76,100,Rain
2026-08-16 04:27:34,23.76,100,Rain
2026-08-16 04:58:00,23.76,100,Rain
2026-08-16 05:21:39,24.76,100,Rain
2026-08-16 05:47:47,24.76,100,Clouds
2026-08-16 06:02:39,24.76,100,Rain
2026-08-16 06:50:47,24.76,100,Rain
2026-08-16 07:18:58,25.76,89,Rain
2026-08-16 07:47:37,25.76,89,Rain
2026-08-16 08:01:49,25.76,89,Clouds
2026-08-16 08:33:08,25.76,89,Clouds
2026-08-16 08:57:30,25.76,89,Clouds
2026-08-16 09:19:59,25.76,94,Clouds
2026-08-16 09:45:45,25.76,94,Clouds
2026-08-16 09:59:35,25.76,94,Clouds
2026-08-16 10:19:59,25.76,89,Clouds
2026-08-16 10:42:57,25.76,89,Clouds
2026-08-16 10:57:47,25.76,89,Clouds
2026-08-16 11:13:59,24.76,94,Clouds
2026-08-16 11:32:49,24.76,94,Clouds
2026-08-16 11:47:44,24.76,94,Clouds
2026-08-16 11:58:31,24.76,94,Clouds
2026-08-16 12:29:34,24.76,100,Clouds
2026-08-16 13:08:41,24.76,100,Clouds
2026-08-16 13:39:27,25.76,89,Clouds
2026-08-16 13:56:13,25.76,89,Clouds
2026-08-16 14:12:26,25.76,89,Clouds
2026-08-16 14:35:50,25.76,89,Clouds
2026-08-16 14:53:14,25.76,89,Clouds
2026-08-16 15:04:52,25.76,89,Clouds
2026-08-16 15:29:42,24.76,94,Clouds
2026-08-16 15:45:45,24.76,94,Clouds
2026-08-16 15:57:26,24.76,94,Clouds
2026-08-16 16:15:23,24.76,100,Clouds
2026-08-16 16:42:04,24.76,100,Clouds
2026-08-16 16:58:02,24.76,100,Clouds
2026-08-16 17:13:57,24.76,94,Clouds
2026-08-16 17:32:32,24.76,94,Clouds
2026-08-16 17:48:04,24.76,94,Clouds
2026-08-16 17:57:54,24.76,94,Clouds
2026-08-16 18:18:43,24.76,88,Clouds
2026-08-16 18:48:35,24.76,88,Clouds
2026-08-16 19:05:26,24.76,88,Clouds
2026-08-16 19:27:36,24.76,88,Clouds
2026-08-16 19:41:28,24.76,88,Clouds
2026-08-16 19:51:58,24.76,88,Clouds
2026-08-16 19:59:26,24.76,88,Clouds
2026-08-16 20:18:57,24.76,94,Clouds
2026-08-16 20:40:50,24.76,94,Clouds
2026-08-16 20:55:27,24.76,94,Clouds
2026-08-16 21:08:14,24.76,94,Clouds
2026-08-16 21:30:29,24.76,88,Clouds
2026-08-16 21:44:50,24.76,88,Clouds
2026-08-16 21:55:58,24.76,88,Clouds
2026-08-16 22:08:07,24.76,88,Clouds
2026-08-16 22:32:23,24.76,94,Clouds
2026-08-16 22:48:37,24.76,94,Clouds
2026-08-16 22:59:46,24.76,94,Clouds
2026-08-16 23:18:02,24.76,94,Clouds
2026-08-16 23:35:25,24.76,94,Clouds
2026-08-16 23:49:37,24.76,94,Clouds
2026-08-16 23:58:38,24.76,94,Clouds
2026-08-17 01:00:27,25.76,89,Clouds
2026-08-17 02:18:52,26.76,83,Clouds
2026-08-17 03:14:13,26.76,83,Clouds
2026-08-17 04:01:13,26.76,83,Clouds
2026-08-17 04:44:52,26.76,89,Clouds
2026-08-17 05:21:07,25.76,94,Rain
2026-08-17 05:53:41,25.76,94,Rain
2026-08-17 06:23:31,26.76,94,Clouds
2026-08-17 07:27:06,26.76,94,Clouds
2026-08-17 08:04:40,26.76,94,Clouds
2026-08-17 08:53:53,26.76,100,Rain
2026-08-17 09:25:22,27.76,83,Rain
2026-08-17 10:01:50,27.76,83,Clouds
2026-08-17 10:35:33,26.76,94,Rain
2026-08-17 10:59:05,26.76,94,Clouds
2026-08-17 11:21:25,25.76,100,Clouds
2026-08-17 11:44:23,25.76,100,Clouds
2026-08-17 11:58:53,25.76,100,Clouds
2026-08-17 12:36:08,25.76,100,Clear
2026-08-17 13:23:02,24.76,100,Clear
2026-08-17 13:56:01,24.76,100,Clear
2026-08-17 14:16:07,24.76,100,Clear
2026-08-17 14:45:16,24.76,100,Clear
2026-08-17 15:00:57,24.76,100,Clear
2026-08-17 15:26:43,24.76,100,Clear
2026-08-17 15:46:36,24.76,100,Clouds
2026-08-17 15:59:48,24.76,100,Clouds
2026-08-17 16:25:30,23.76,100,Clouds
2026-08-17 16:50:42,23.76,100,Clouds
2026-08-17 17:11:33,23.76,94,Clouds
2026-08-17 17:40:49,23.76,94,Clouds
2026-08-17 18:00:08,23.76,94,Clouds
2026-08-17 18:38:18,22.76,100,Clouds
2026-08-17 19:10:42,22.76,100,Clouds
2026-08-17 19:36:58,22.76,100,Clouds
2026-08-17 19:54:24,22.76,100,Clouds
2026-08-17 20:10:43,23.76,100,Clouds
2026-08-17 20:39:23,23.76,100,Clear
2026-08-17 20:58:23,23.76,100,Clear
2026-08-17 21:20:48,23.76,100,Clear
2026-08-17 21:43:52,23.76,100,Clear
2026-08-17 21:58:28,23.76,100,Clear
2026-08-17 22:18:54,24.76,100,Clear
2026-08-17 22:43:46,24.76,100,Clear
2026-08-17 22:58:48,24.76,100,Clear
2026-08-17 23:18:48,25.76,100,Clear
2026-08-17 23:40:24,25.76,100,Clouds
2026-08-17 23:55:32,25.76,100,Clouds
2026-08-18 00:29:17,27.76,89,Clouds
2026-08-18 01:56:54,28.76,70,Clouds
2026-08-18 02:47:59,29.76,66,Clouds
2026-08-18 03:28:35,30.76,62,Clouds
2026-08-18 04:05:30,30.76,62,Clouds
2026-08-18 04:44:21,30.76,62,Clouds
2026-08-18 05:12:34,30.76,58,Clouds
2026-08-18 05:42:59,30.76,58,Clouds
2026-08-18 06:00:12,30.76,58,Clouds
2026-08-18 06:42:00,31.76,58,Clear
2026-08-18 07:22:58,31.76,58,Clear
2026-08-18 07:57:32,31.76,58,Clear
2026-08-18 08:26:20,30.76,62,Clear
2026-08-18 08:59:59,30.76,62,Clear
2026-08-18 09:32:09,28.76,70,Clear
2026-08-18 09:58:42,28.76,70,Clouds
2026-08-18 10:23:11,27.76,74,Clouds
2026-08-18 10:50:35,27.76,74,Clouds
2026-08-18 11:09:54,25.76,94,Clouds
2026-08-18 11:35:37,25.76,94,Clouds
2026-08-18 11:54:37,25.76,94,Clouds
2026-08-18 12:15:26,24.76,100,Clouds
2026-08-18 13:07:02,24.76,100,Clouds
2026-08-18 13:51:22,24.76,100,Clouds
2026-08-18 14:17:29,24.76,100,Clouds
2026-08-18 14:53:33,24.76,100,Clouds
2026-08-18 15:16:38,24.76,100,Clouds
2026-08-18 15:46:48,24.76,100,Clouds
2026-08-18 16:03:20,24.76,100,Clouds
2026-08-18 16:39:28,24.76,100,Clouds
2026-08-18 17:00:59,24.76,100,Clouds
2026-08-18 17:28:38,24.76,100,Clouds
2026-08-18 17:52:24,24.76,100,Clouds
2026-08-18 18:14:41,24.76,100,Clouds
2026-08-18 18:55:31,24.76,100,Clouds
2026-08-18 19:19:11,23.76,100,Clouds
2026-08-18 19:42:42,23.76,100,Clouds
2026-08-18 19:55:54,24.76,100,Clouds
2026-08-18 20:10:06,24.76,100,Clouds
2026-08-18 20:36:21,24.76,100,Clouds
2026-08-18 20:53:42,24.76,100,Clouds
2026-08-18 21:09:40,23.76,100,Clouds
2026-08-18 21:34:23,23.76,100,Clouds
2026-08-18 21:50:34,23.76,100,Clouds
2026-08-18 22:00:39,23.76,100,Clouds
2026-08-18 22:24:15,24.76,100,Clouds
2026-08-18 22:45:08,24.76,100,Clouds
2026-08-18 22:59:44,24.76,100,Clouds
2026-08-18 23:20:04,25.76,100,Clouds
2026-08-18 23:40:21,25.76,100,Clouds
2026-08-18 23:54:31,25.76,100,Clouds
2026-08-19 00:23:43,26.76,100,Clouds
2026-08-19 01:56:14,28.76,79,Clouds
2026-08-19 02:48:27,28.76,74,Clouds
2026-08-19 03:31:16,29.76,66,Clouds
2026-08-19 04:08:00,29.76,66,Clouds
2026-08-19 04:47:16,29.76,66,Clouds
2026-08-19 05:14:19,29.76,70,Clouds
2026-08-19 05:45:27,29.76,70,Clouds
2026-08-19 06:02:32,29.76,70,Clouds
2026-08-19 06:54:01,30.76,66,Clouds
2026-08-19 07:26:49,29.76,66,Clouds
2026-08-19 07:59:35,29.76,66,Clouds
2026-08-19 08:34:44,28.76,70,Clouds
2026-08-19 09:06:23,28.76,70,Clouds
2026-08-19 09:43:04,28.76,70,Clouds
2026-08-19 10:02:42,28.76,70,Clouds
2026-08-19 10:35:07,26.76,89,Clouds
2026-08-19 10:57:12,26.76,89,Clouds
2026-08-19 11:17:26,25.76,94,Clouds
2026-08-19 11:42:27,25.76,94,Clouds
2026-08-19 11:59:00,25.76,94,Clouds
2026-08-19 12:39:15,25.76,100,Clouds
2026-08-19 13:27:42,24.76,100,Clouds
2026-08-19 14:04:09,24.76,100,Clouds
2026-08-19 14:42:08,23.76,100,Clouds
2026-08-19 15:05:34,23.76,100,Clouds
2026-08-19 15:39:33,23.76,100,Clouds
2026-08-19 16:00:49,23.76,100,Clouds
2026-08-19 16:33:07,23.76,100,Clouds
2026-08-19 16:56:59,23.76,100,Clouds
2026-08-19 17:18:33,22.76,100,Clouds
2026-08-19 17:42:56,22.76,100,Clouds
2026-08-19 17:57:30,22.76,100,Clouds
2026-08-19 18:22:20,23.76,100,Clouds
2026-08-19 18:57:19,23.76,100,Clouds
2026-08-19 19:18:46,23.76,100,Clouds
2026-08-19 19:42:04,23.76,100,Clouds
2026-08-19 19:56:42,23.76,100,Clouds
2026-08-19 20:15:39,23.76,100,Clouds
2026-08-19 20:45:14,23.76,100,Clouds
2026-08-19 21:03:10,23.76,100,Clouds
2026-08-19 21:31:51,23.76,100,Clouds
2026-08-19 21:51:39,23.76,100,Clouds
2026-08-19 22:08:39,24.76,100,Clouds
2026-08-19 22:36:23,24.76,100,Clouds
